order_id,item_id,quantity
5001,10005,10
5001,10009,2
5002,10010,8
5002,10009,2
5002,10001,9
5002,10006,7
5002,10007,1
5002,10005,7
5003,10010,5
5004,10005,7
5004,10009,4
5004,10002,6
5004,10006,8
5004,10008,4
5004,10003,8
5004,10004,6
5005,10009,9
5005,10006,9
5005,10008,3
5005,10007,4
5005,10010,1
5006,10001,10
5006,10009,4
5006,10008,6
5006,10002,5
5006,10007,1
5007,10002,8
5007,10004,3
5007,10001,9
5007,10009,1
5007,10005,5
5008,10001,7
5008,10005,5
5008,10003,4
5008,10009,4
5008,10006,4
5008,10002,6
5009,10003,1
5009,10002,6
5009,10006,6
5009,10008,10
5009,10009,5
5009,10001,9
5009,10010,7
5009,10007,6
5010,10008,8
5010,10009,10
5010,10010,6
5010,10007,6
5010,10003,4
5010,10005,5
5011,10006,5
5012,10001,3
5012,10009,9
5013,10005,6
5013,10004,1
5013,10007,10
5013,10003,1
5013,10008,10
5013,10002,1
5013,10010,3
5013,10006,5
5014,10001,3
5014,10009,7
5015,10006,7
5015,10007,3
5015,10002,1
5015,10001,2
5015,10009,7
5015,10010,3
5015,10004,9
5015,10005,7
5016,10005,2
5016,10010,6
5016,10009,1
5016,10006,4
5017,10006,9
5017,10010,9
5017,10008,10
5017,10003,8
5017,10004,4
5018,10010,1
5018,10009,4
5019,10003,7
5019,10008,1
5019,10007,6
5019,10002,10
5019,10006,10
5019,10004,3
5019,10001,8
5019,10005,5
5020,10002,4
5020,10010,9
5020,10001,10
5020,10006,8
5020,10007,2
5020,10005,8
5020,10004,10
5020,10009,6
5021,10006,5
5021,10009,6
5021,10010,4
5021,10003,5
5021,10002,4
5022,10002,10
5022,10010,2
5022,10003,3
5022,10008,6
5023,10003,2
5023,10007,6
5023,10002,9
5023,10005,7
5023,10009,9
5023,10008,4
5024,10009,4
5024,10008,1
5024,10005,10
5024,10010,4
5025,10003,4
5025,10005,10
5025,10007,9
5025,10002,5
5025,10004,7
5026,10009,4
5026,10010,7
5026,10003,3
5026,10008,8
5026,10006,3
5027,10007,3
5027,10003,6
5027,10004,2
5027,10006,10
5027,10010,7
5027,10002,3
5028,10004,9
5028,10005,1
5028,10003,8
5028,10001,4
5028,10008,5
5028,10009,5
5029,10004,7
5029,10002,8
5029,10008,2
5029,10007,8
5030,10003,2
5030,10007,6
5030,10006,1
5030,10002,10
5030,10009,8
5030,10008,10
5030,10005,4
5031,10007,1
5031,10005,2
5031,10001,6
5031,10008,10
5032,10004,10
5032,10003,10
5032,10006,10
5033,10008,10
5033,10001,4
5033,10004,7
5034,10002,1
5034,10005,4
5034,10004,6
5035,10005,6
5035,10002,1
5035,10010,4
5035,10004,1
5035,10007,4
5035,10009,8
5035,10003,1
5036,10010,4
5036,10006,7
5036,10003,5
5036,10005,4
5036,10002,5
5036,10009,4
5036,10008,1
5037,10001,9
5038,10004,9
5038,10003,8
5039,10005,10
5039,10008,7
5039,10010,10
5039,10002,6
5039,10001,5
5040,10006,8
5040,10010,9
5040,10001,4
5040,10002,6
5041,10010,7
5041,10007,2
5042,10010,5
5042,10006,7
5043,10005,9
5043,10010,10
5043,10004,9
5043,10001,7
5043,10008,6
5044,10003,2
5045,10001,5
5045,10003,7
5045,10004,5
5045,10002,3
5045,10010,8
5046,10005,2
5046,10004,6
5046,10002,3
5046,10003,9
5046,10010,4
5046,10006,5
5046,10009,10
5047,10010,8
5047,10005,1
5047,10006,6
5047,10001,8
5047,10007,1
5048,10002,2
5048,10003,8
5048,10007,3
5049,10006,7
5049,10010,2
5050,10007,10
5050,10008,6
5050,10009,6
5051,10008,7
5051,10005,3
5051,10001,9
5051,10007,4
5051,10004,7
5051,10002,4
5051,10009,9
5051,10010,1
5052,10004,1
5052,10009,1
5052,10001,3
5052,10008,10
5053,10009,10
5053,10006,9
5053,10007,7
5053,10005,4
5053,10010,2
5053,10001,5
5054,10002,5
5054,10005,2
5054,10006,2
5054,10003,10
5054,10008,4
5055,10001,8
5055,10009,9
5055,10008,9
5055,10010,10
5055,10002,5
5055,10003,2
5055,10005,5
5056,10001,6
5056,10007,7
5056,10008,10
5056,10006,1
5056,10010,4
5056,10004,7
5056,10003,7
5056,10005,6
5057,10004,6
5058,10010,2
5058,10006,8
5058,10002,10
5058,10001,8
5058,10005,2
5058,10008,2
5058,10003,2
5059,10007,5
5059,10006,1
5059,10001,2
5059,10005,8
5059,10002,2
5059,10004,6
5060,10003,3
5060,10004,6
5060,10005,10
5060,10010,2
5061,10008,1
5061,10002,10
5061,10007,9
5061,10010,2
5061,10003,1
5062,10004,5
5062,10001,4
5062,10009,6
5062,10006,3
5062,10005,3
5062,10002,8
5062,10008,10
5063,10008,9
5063,10010,7
5063,10009,10
5063,10001,2
5064,10004,6
5064,10009,3
5065,10003,10
5065,10001,6
5066,10004,8
5067,10009,1
5068,10005,9
5068,10006,9
5068,10007,4
5068,10002,1
5068,10010,5
5068,10001,8
5068,10009,3
5068,10003,2
5069,10008,7
5069,10002,2
5069,10004,9
5069,10005,8
5069,10003,1
5069,10007,2
5070,10004,2
5070,10008,4
5071,10006,10
5071,10010,1
5071,10008,4
5071,10007,1
5072,10004,3
5072,10007,9
5072,10006,8
5072,10010,2
5072,10008,9
5073,10001,6
5073,10007,1
5073,10004,5
5073,10003,3
5074,10001,6
5074,10003,6
5074,10004,10
5074,10007,2
5074,10005,3
5074,10008,3
5074,10010,10
5075,10006,4
5076,10005,10
5076,10004,7
5076,10001,8
5076,10002,6
5076,10008,1
5076,10010,7
5077,10009,10
5077,10003,10
5078,10003,8
5078,10005,4
5078,10001,9
5078,10007,2
5079,10003,4
5080,10007,8
5080,10002,10
5080,10001,1
5080,10008,6
5080,10004,8
5080,10009,5
5081,10008,9
5081,10007,9
5081,10004,5
5082,10003,8
5082,10005,3
5082,10010,7
5082,10007,4
5082,10004,1
5082,10006,7
5083,10010,8
5083,10004,8
5083,10006,2
5083,10008,5
5084,10009,10
5084,10005,2
5084,10007,1
5085,10007,2
5085,10009,6
5086,10002,4
5086,10006,6
5086,10001,3
5086,10007,1
5086,10008,5
5086,10009,8
5086,10010,7
5086,10005,5
5087,10010,2
5087,10008,6
5088,10002,1
5088,10005,3
5088,10006,8
5088,10010,7
5088,10003,5
5088,10007,8
5088,10004,5
5088,10009,10
5089,10008,5
5089,10007,1
5090,10005,4
5090,10004,3
5090,10007,10
5090,10003,4
5090,10010,6
5090,10002,6
5090,10001,9
5091,10004,10
5091,10007,3
5091,10010,7
5092,10007,10
5092,10009,4
5092,10001,4
5092,10005,8
5093,10010,4
5093,10007,2
5093,10006,2
5093,10009,4
5093,10002,4
5093,10003,3
5093,10005,5
5093,10001,2
5094,10002,6
5094,10009,2
5094,10003,10
5094,10005,9
5094,10004,8
5094,10008,7
5095,10010,7
5095,10009,4
5095,10003,10
5095,10005,7
5095,10001,5
5095,10002,6
5096,10002,2
5096,10008,9
5096,10009,3
5096,10006,3
5096,10001,6
5096,10007,6
5096,10003,3
5096,10004,10
5097,10004,7
5097,10003,3
5097,10001,5
5098,10006,4
5098,10009,7
5098,10010,2
5098,10004,1
5098,10008,4
5099,10004,2
5099,10002,7
5099,10007,2
5099,10008,6
5099,10010,7
5100,10005,2
5100,10007,6
5101,10002,9
5101,10006,6
5101,10009,2
5101,10007,3
5101,10001,7
5101,10008,5
5101,10010,2
5102,10006,3
5102,10001,9
5103,10009,6
5103,10010,5
5103,10002,6
5103,10007,1
5103,10008,6
5103,10003,5
5103,10006,7
5103,10005,2
5104,10008,8
5104,10007,7
5104,10004,5
5104,10010,7
5104,10002,8
5105,10001,2
5105,10007,2
5105,10008,4
5106,10007,9
5107,10002,8
5107,10005,7
5108,10005,4
5108,10010,9
5108,10008,10
5108,10004,5
5108,10006,8
5109,10003,1
5109,10010,6
5109,10006,7
5109,10002,10
5110,10004,10
5110,10007,7
5110,10006,4
5110,10003,5
5110,10005,7
5111,10010,10
5111,10002,6
5111,10007,9
5112,10008,3
5112,10005,5
5112,10002,3
5112,10006,6
5112,10009,2
5112,10004,5
5113,10010,9
5113,10004,4
5113,10005,5
5113,10002,3
5113,10006,2
5114,10002,4
5114,10003,1
5114,10006,6
5114,10009,2
5115,10006,8
5115,10008,10
5115,10003,5
5115,10004,9
5115,10007,6
5116,10001,8
5116,10009,8
5116,10008,6
5116,10007,3
5116,10002,8
5116,10004,3
5116,10003,3
5116,10005,2
5117,10009,5
5117,10008,6
5117,10004,5
5117,10005,4
5117,10010,7
5117,10002,9
5117,10006,9
5117,10007,3
5118,10010,3
5119,10009,2
5119,10006,6
5119,10008,10
5119,10004,7
5119,10002,8
5119,10007,9
5119,10003,9
5120,10001,3
5120,10005,2
5120,10009,10
5121,10008,3
5121,10004,2
5121,10001,1
5121,10010,9
5121,10002,7
5121,10007,2
5121,10009,4
5121,10005,6
5122,10010,3
5122,10004,5
5122,10001,3
5122,10008,10
5122,10003,2
5122,10002,5
5122,10009,7
5123,10007,1
5123,10008,8
5124,10010,9
5124,10005,6
5124,10006,6
5124,10002,10
5125,10010,10
5125,10002,2
5126,10003,9
5126,10004,6
5127,10008,4
5127,10006,10
5127,10007,7
5127,10009,8
5127,10004,4
5127,10003,8
5127,10010,3
5128,10002,4
5128,10005,2
5128,10009,6
5129,10010,4
5129,10006,1
5130,10007,5
5130,10010,6
5130,10009,7
5130,10004,1
5130,10002,7
5131,10006,9
5131,10010,4
5131,10004,7
5131,10007,6
5131,10003,4
5131,10009,8
5131,10008,4
5132,10002,7
5132,10008,10
5132,10010,6
5132,10001,8
5132,10009,6
5132,10003,1
5132,10004,3
5133,10008,1
5133,10009,6
5133,10006,4
5133,10002,6
5133,10010,10
5133,10005,3
5134,10006,2
5134,10005,8
5134,10004,10
5135,10007,10
5136,10001,4
5136,10010,7
5136,10009,2
5137,10006,7
5137,10004,3
5137,10008,6
5137,10003,2
5137,10001,8
5137,10005,3
5137,10002,8
5137,10007,3
5138,10004,10
5138,10003,8
5138,10009,7
5139,10002,9
5139,10004,2
5139,10009,4
5139,10007,4
5140,10006,8
5141,10008,2
5142,10004,7
5142,10001,3
5142,10003,2
5142,10008,7
5142,10007,7
5143,10008,7
5143,10002,1
5143,10009,9
5143,10010,8
5143,10003,6
5143,10007,3
5143,10005,7
5143,10006,7
5144,10003,3
5144,10005,8
5144,10008,8
5144,10010,4
5144,10001,8
5145,10002,2
5145,10005,6
5145,10001,10
5145,10009,8
5145,10008,9
5145,10010,2
5145,10004,9
5145,10006,9
5146,10010,6
5146,10002,9
5146,10009,10
5146,10005,6
5147,10003,2
5147,10009,4
5147,10008,10
5148,10002,4
5149,10006,6
5149,10005,1
5149,10009,8
5150,10006,1
5150,10002,9
5150,10003,2
5150,10004,1
5150,10001,10
5151,10001,8
5151,10006,7
5151,10010,1
5151,10004,1
5151,10009,7
5151,10008,7
5152,10009,8
5152,10007,3
5152,10010,2
5152,10006,1
5152,10004,7
5152,10003,1
5152,10005,1
5153,10002,3
5153,10003,4
5153,10004,6
5153,10009,4
5153,10008,5
5153,10007,4
5154,10008,8
5154,10009,7
5154,10001,9
5154,10002,9
5154,10010,5
5154,10007,3
5154,10006,4
5154,10003,4
5155,10007,10
5156,10004,10
5156,10001,4
5156,10002,5
5156,10009,6
5156,10008,2
5156,10007,8
5156,10006,2
5156,10003,6
5157,10004,10
5157,10005,6
5157,10010,7
5157,10001,6
5157,10009,7
5158,10009,8
5158,10005,5
5159,10001,10
5159,10007,9
5159,10008,7
5160,10005,2
5160,10010,9
5160,10006,7
5160,10001,8
5160,10007,4
5161,10005,5
5162,10006,1
5162,10010,8
5163,10010,1
5163,10006,4
5163,10003,1
5163,10009,10
5164,10002,3
5164,10005,9
5164,10004,10
5164,10003,7
5165,10006,8
5165,10010,4
5165,10001,5
5165,10007,9
5165,10009,4
5165,10008,1
5165,10005,9
5166,10007,7
5166,10006,6
5167,10010,1
5167,10005,3
5167,10003,10
5167,10008,10
5167,10004,4
5167,10006,6
5167,10001,9
5168,10005,1
5168,10001,6
5168,10006,8
5169,10005,5
5169,10007,2
5169,10008,8
5169,10009,5
5169,10002,6
5169,10003,6
5169,10006,9
5170,10008,8
5171,10002,5
5171,10010,5
5172,10007,5
5172,10010,2
5172,10003,1
5172,10005,2
5172,10004,2
5172,10008,6
5173,10008,1
5173,10006,8
5173,10003,10
5173,10001,8
5173,10005,10
5173,10002,4
5174,10007,3
5174,10004,1
5174,10003,8
5174,10009,9
5174,10008,1
5174,10002,8
5174,10001,3
5175,10008,9
5175,10003,8
5175,10004,7
5175,10009,10
5175,10006,2
5175,10007,6
5175,10001,9
5176,10007,9
5177,10001,5
5177,10002,4
5177,10006,2
5177,10004,2
5177,10003,1
5177,10010,9
5177,10007,5
5177,10005,4
5178,10002,10
5178,10006,5
5178,10004,8
5178,10003,6
5178,10007,3
5178,10010,1
5178,10008,10
5178,10005,10
5179,10007,7
5179,10004,8
5179,10008,10
5179,10010,10
5179,10003,1
5179,10002,1
5179,10009,6
5179,10001,4
5180,10009,7
5180,10008,4
5180,10005,5
5180,10007,1
5180,10004,10
5180,10006,4
5180,10010,1
5180,10003,8
5181,10008,10
5181,10001,5
5182,10002,3
5182,10003,2
5182,10001,7
5182,10009,10
5183,10008,2
5183,10007,10
5183,10001,9
5183,10002,2
5183,10010,6
5183,10005,2
5183,10009,4
5183,10003,6
5184,10005,2
5185,10008,6
5185,10001,4
5186,10010,3
5186,10007,3
5186,10005,6
5186,10004,3
5186,10002,3
5186,10003,8
5186,10006,3
5187,10003,7
5188,10004,2
5188,10003,3
5188,10001,2
5188,10010,9
5188,10002,10
5189,10005,6
5189,10010,3
5189,10007,8
5190,10008,7
5190,10007,8
5190,10003,4
5190,10002,10
5190,10004,3
5190,10005,6
5190,10001,3
5190,10009,2
5191,10007,5
5191,10004,1
5191,10006,4
5191,10009,7
5192,10003,1
5193,10004,4
5193,10002,7
5193,10006,1
5193,10009,10
5193,10008,1
5194,10001,8
5195,10006,5
5195,10004,3
5195,10001,1
5195,10009,10
5195,10007,5
5195,10002,1
5196,10002,1
5196,10003,8
5196,10009,2
5196,10004,5
5196,10006,6
5196,10005,7
5197,10009,9
5197,10003,5
5198,10003,8
5198,10004,8
5198,10001,6
5199,10006,4
5199,10005,1
5199,10010,8
5199,10003,4
5200,10003,3
5201,10010,10
5201,10001,2
5201,10007,7
5201,10004,4
5202,10004,2
5203,10005,9
5203,10007,3
5203,10008,4
5203,10003,7
5203,10009,6
5203,10004,8
5203,10002,5
5204,10007,7
5204,10005,2
5204,10009,3
5204,10010,3
5204,10001,5
5204,10003,10
5205,10005,8
5205,10007,9
5205,10001,10
5205,10008,9
5205,10010,2
5205,10002,2
5205,10006,2
5206,10003,6
5206,10008,3
5206,10006,3
5206,10005,4
5206,10010,5
5206,10001,3
5206,10009,2
5206,10002,9
5207,10001,9
5207,10009,5
5208,10010,8
5209,10009,5
5209,10005,1
5209,10003,9
5209,10008,4
5209,10004,3
5210,10007,10
5210,10002,10
5210,10004,10
5210,10001,8
5210,10003,10
5210,10008,6
5210,10010,3
5210,10009,1
5211,10004,5
5211,10002,3
5211,10005,8
5212,10001,10
5212,10005,4
5212,10010,7
5212,10007,8
5212,10004,3
5213,10002,6
5213,10007,4
5213,10001,10
5213,10009,8
5213,10008,9
5214,10005,7
5214,10004,10
5214,10008,3
5214,10010,10
5214,10006,9
5214,10009,3
5215,10005,7
5216,10008,6
5216,10001,2
5216,10007,1
5216,10010,4
5216,10006,8
5217,10004,10
5217,10001,4
5217,10006,4
5217,10002,6
5217,10005,2
5217,10009,9
5217,10010,5
5217,10008,8
5218,10001,3
5219,10009,8
5219,10003,8
5219,10007,4
5219,10001,1
5219,10004,10
5219,10010,8
5219,10002,10
5220,10003,9
5220,10008,4
5220,10001,7
5220,10004,6
5220,10007,6
5221,10004,7
5222,10003,8
5222,10007,10
5223,10009,1
5223,10005,3
5223,10001,8
5223,10003,7
5223,10004,10
5223,10007,7
5223,10006,1
5223,10008,5
5224,10003,9
5224,10004,10
5224,10008,5
5224,10001,6
5224,10005,2
5225,10001,5
5225,10002,9
5225,10007,2
5225,10008,7
5226,10008,9
5226,10003,1
5226,10007,9
5226,10009,5
5226,10010,4
5227,10002,5
5228,10005,6
5228,10002,5
5228,10004,10
5228,10001,5
5229,10008,8
5229,10009,9
5229,10004,2
5229,10006,2
5229,10010,10
5229,10005,3
5230,10001,6
5230,10009,9
5231,10009,10
5231,10008,8
5231,10010,8
5231,10006,3
5232,10010,3
5232,10006,8
5233,10002,10
5234,10006,7
5234,10002,10
5234,10007,8
5234,10003,1
5234,10010,4
5234,10005,1
5235,10007,3
5235,10010,2
5236,10003,9
5236,10001,9
5236,10007,6
5236,10004,2
5236,10002,8
5236,10008,4
5237,10008,5
5238,10008,5
5238,10007,6
5238,10003,10
5238,10006,1
5239,10004,7
5240,10005,9
5240,10003,1
5240,10008,2
5240,10010,2
5240,10009,4
5240,10006,2
5240,10002,4
5240,10004,6
5241,10005,10
5241,10007,6
5241,10009,8
5241,10006,4
5241,10001,8
5241,10010,9
5242,10004,8
5242,10002,3
5242,10009,4
5242,10007,4
5242,10001,6
5242,10006,6
5242,10003,3
5242,10010,6
5243,10005,2
5243,10001,2
5244,10010,1
5244,10002,5
5245,10010,4
5245,10005,6
5245,10008,10
5245,10004,7
5245,10003,5
5245,10001,10
5245,10007,9
5246,10009,9
5247,10001,4
5247,10010,7
5247,10002,6
5247,10003,1
5247,10005,5
5248,10003,7
5249,10007,4
5249,10003,5
5250,10010,1
5251,10006,7
5251,10010,1
5251,10007,10
5251,10009,8
5251,10003,8
5252,10001,5
5252,10010,10
5252,10009,1
5252,10006,9
5252,10005,6
5252,10007,7
5252,10003,2
5253,10007,7
5253,10002,9
5253,10008,8
5254,10003,1
5254,10001,8
5254,10002,1
5254,10005,3
5254,10006,4
5254,10009,9
5255,10008,9
5255,10001,2
5255,10005,2
5255,10007,3
5256,10010,8
5256,10008,7
5256,10003,9
5256,10004,9
5257,10008,6
5257,10007,4
5257,10009,2
5257,10004,1
5257,10002,9
5257,10006,10
5257,10001,2
5258,10009,4
5258,10006,6
5258,10007,9
5258,10004,8
5258,10008,5
5258,10003,10
5258,10001,7
5259,10002,4
5259,10001,7
5259,10004,5
5259,10006,4
5259,10007,8
5259,10008,2
5259,10005,5
5260,10006,3
5260,10002,1
5261,10009,5
5261,10008,1
5261,10003,5
5261,10005,7
5262,10001,10
5263,10001,9
5263,10005,6
5264,10008,2
5265,10004,8
5265,10006,8
5265,10009,9
5265,10002,9
5265,10001,1
5266,10001,2
5266,10002,6
5266,10009,3
5266,10003,2
5266,10007,6
5266,10010,5
5266,10005,3
5267,10004,9
5267,10006,1
5267,10005,5
5267,10001,6
5267,10003,7
5267,10007,3
5267,10002,5
5268,10003,3
5268,10002,4
5268,10007,6
5268,10005,9
5268,10009,2
5268,10001,4
5268,10008,3
5268,10010,2
5269,10005,10
5269,10010,7
5270,10009,5
5271,10009,4
5271,10008,5
5271,10006,2
5271,10002,10
5271,10003,6
5271,10001,3
5272,10010,4
5272,10004,8
5272,10008,10
5272,10006,2
5272,10009,4
5272,10001,2
5272,10003,7
5272,10005,4
5273,10002,10
5273,10001,4
5273,10006,4
5273,10010,9
5273,10003,3
5274,10004,9
5274,10008,8
5274,10005,9
5274,10002,10
5274,10010,7
5274,10009,5
5274,10003,10
5275,10002,5
5275,10008,5
5275,10009,2
5275,10007,8
5275,10006,5
5275,10010,9
5275,10003,8
5276,10002,8
5277,10010,5
5277,10001,7
5278,10005,3
5278,10010,10
5279,10008,4
5279,10001,5
5279,10004,10
5279,10006,5
5280,10007,10
5280,10006,5
5280,10002,10
5280,10008,10
5280,10003,1
5280,10005,9
5280,10001,10
5281,10008,7
5281,10009,5
5281,10001,2
5281,10002,4
5281,10007,2
5281,10004,2
5282,10005,6
5282,10001,3
5282,10002,5
5282,10007,7
5282,10006,2
5282,10004,8
5283,10008,1
5283,10005,5
5284,10006,2
5284,10005,2
5284,10004,9
5284,10003,5
5284,10009,10
5284,10002,9
5284,10008,4
5284,10001,8
5285,10004,3
5285,10001,7
5285,10003,9
5285,10007,4
5286,10004,5
5286,10005,3
5286,10006,7
5286,10002,1
5287,10005,2
5287,10003,3
5287,10001,1
5287,10008,2
5287,10006,10
5287,10002,4
5287,10010,8
5288,10006,6
5289,10001,6
5290,10007,8
5291,10002,5
5291,10003,6
5292,10008,6
5292,10001,8
5292,10002,1
5292,10003,10
5292,10007,1
5292,10010,9
5293,10002,7
5293,10008,10
5293,10007,5
5293,10001,7
5293,10010,4
5293,10003,6
5294,10009,4
5294,10002,2
5295,10003,8
5295,10004,4
5295,10009,4
5295,10008,1
5295,10002,8
5295,10010,6
5296,10001,9
5296,10007,4
5296,10004,7
5297,10005,8
5297,10006,10
5297,10003,1
5297,10002,10
5297,10007,3
5297,10004,6
5298,10001,2
5298,10008,10
5299,10001,5
5299,10002,7
5299,10004,2
5300,10003,6
5301,10004,10
5301,10003,8
5301,10005,5
5301,10008,7
5301,10007,3
5301,10010,8
5302,10008,7
5302,10007,2
5302,10005,1
5302,10002,7
5302,10010,9
5302,10009,1
5302,10004,2
5303,10003,9
5303,10007,4
5303,10008,2
5303,10004,9
5303,10005,4
5304,10001,6
5305,10006,3
5305,10005,6
5305,10008,1
5306,10009,3
5306,10008,3
5306,10006,7
5307,10003,4
5307,10010,3
5307,10006,1
5307,10008,6
5307,10007,7
5307,10002,1
5307,10004,7
5307,10005,3
5308,10002,1
5308,10007,1
5308,10006,5
5308,10004,4
5308,10009,2
5308,10003,3
5309,10002,6
5310,10007,4
5311,10002,1
5311,10005,3
5312,10009,4
5312,10008,7
5312,10001,3
5312,10006,3
5312,10003,2
5312,10004,9
5312,10007,7
5312,10002,4
5313,10003,6
5313,10010,1
5313,10002,5
5313,10007,7
5313,10006,9
5313,10001,1
5313,10008,3
5314,10003,3
5314,10008,3
5314,10007,4
5314,10005,8
5314,10010,6
5315,10001,9
5316,10009,8
5316,10010,8
5316,10001,10
5317,10001,6
5317,10003,3
5317,10009,7
5317,10004,9
5318,10004,9
5318,10008,6
5318,10010,8
5318,10006,2
5318,10002,10
5319,10005,8
5319,10009,4
5319,10010,8
5319,10001,3
5319,10004,9
5319,10002,10
5319,10008,3
5319,10003,7
5320,10004,6
5320,10003,1
5320,10001,5
5320,10006,5
5320,10005,2
5321,10003,4
5321,10009,2
5321,10008,7
5321,10001,8
5322,10004,7
5323,10004,8
5324,10003,8
5324,10001,2
5324,10005,8
5324,10008,4
5324,10009,1
5324,10004,9
5324,10006,1
5324,10002,6
5325,10003,2
5325,10007,7
5325,10001,6
5325,10010,5
5325,10009,10
5325,10006,2
5326,10005,6
5326,10008,1
5326,10002,5
5326,10004,9
5326,10001,3
5326,10003,3
5326,10007,6
5326,10010,6
5327,10002,2
5327,10009,10
5327,10005,9
5327,10010,4
5327,10004,1
5327,10001,4
5327,10007,1
5327,10006,2
5328,10006,10
5328,10005,8
5328,10008,2
5328,10009,1
5328,10007,6
5329,10006,10
5329,10009,2
5330,10010,10
5330,10008,5
5330,10007,1
5330,10002,4
5331,10005,10
5331,10008,6
5331,10004,1
5331,10009,1
5331,10002,4
5331,10010,9
5331,10003,3
5332,10009,9
5332,10002,1
5333,10007,10
5333,10006,2
5333,10001,10
5334,10004,9
5334,10006,2
5334,10005,2
5334,10001,9
5335,10008,3
5335,10006,4
5335,10005,7
5335,10010,10
5335,10003,6
5335,10007,4
5335,10004,2
5336,10009,2
5336,10005,6
5336,10007,3
5336,10010,4
5337,10008,10
5337,10003,10
5337,10006,2
5337,10002,1
5337,10009,4
5338,10007,1
5339,10004,9
5339,10007,10
5339,10010,4
5339,10003,5
5340,10007,2
5340,10009,5
5340,10006,10
5340,10001,10
5340,10002,8
5340,10003,6
5341,10007,9
5341,10008,5
5341,10005,10
5341,10006,10
5341,10002,8
5341,10004,4
5341,10009,8
5341,10001,1
5342,10008,10
5342,10001,1
5342,10006,1
5342,10003,10
5343,10007,7
5343,10010,6
5343,10002,10
5343,10008,10
5343,10005,2
5343,10004,6
5344,10002,4
5344,10010,1
5345,10007,10
5345,10006,3
5345,10008,4
5345,10003,9
5346,10002,3
5346,10003,9
5347,10004,6
5348,10006,1
5348,10002,6
5348,10004,1
5348,10003,6
5348,10007,3
5348,10008,2
5348,10001,3
5348,10005,9
5349,10004,7
5350,10007,3
5350,10004,4
5350,10003,8
5350,10010,10
5350,10009,7
5350,10002,9
5351,10007,1
5351,10004,8
5352,10008,5
5352,10006,2
5352,10009,9
5352,10007,8
5353,10008,4
5353,10009,8
5354,10006,1
5354,10009,2
5354,10003,4
5354,10005,9
5354,10008,5
5354,10010,6
5354,10004,9
5354,10007,8
5355,10007,10
5355,10003,4
5355,10010,3
5355,10004,6
5355,10005,5
5355,10009,5
5355,10001,6
5355,10008,2
5356,10006,4
5356,10007,4
5356,10005,7
5356,10002,6
5357,10007,1
5357,10004,7
5357,10010,4
5358,10009,4
5358,10007,6
5358,10002,3
5358,10004,3
5358,10003,1
5358,10006,9
5358,10001,6
5359,10002,2
5359,10007,9
5359,10001,10
5360,10007,5
5360,10004,3
5360,10001,8
5361,10003,6
5361,10005,3
5361,10008,8
5362,10006,9
5362,10002,6
5363,10006,7
5363,10008,10
5363,10002,3
5363,10004,1
5363,10001,4
5363,10007,2
5364,10009,5
5364,10004,2
5364,10002,1
5364,10005,3
5364,10001,1
5365,10007,7
5365,10002,9
5365,10003,5
5365,10008,4
5365,10010,8
5366,10002,7
5366,10007,10
5366,10008,5
5366,10001,8
5366,10004,4
5366,10003,2
5367,10004,8
5367,10008,6
5367,10006,3
5367,10005,3
5367,10007,5
5367,10010,5
5368,10009,8
5368,10010,10
5369,10005,7
5370,10008,10
5370,10005,7
5370,10009,8
5370,10004,4
5370,10003,5
5370,10002,7
5370,10001,6
5371,10008,4
5371,10001,10
5371,10005,2
5371,10006,10
5371,10010,2
5371,10009,9
5372,10008,4
5372,10002,5
5372,10005,6
5372,10009,10
5373,10002,5
5373,10004,3
5373,10008,1
5373,10001,6
5373,10005,2
5373,10009,7
5373,10010,5
5374,10006,6
5374,10005,9
5374,10009,1
5375,10002,7
5375,10004,6
5375,10001,9
5375,10009,3
5376,10004,1
5376,10001,6
5376,10003,3
5376,10008,5
5377,10010,6
5377,10005,1
5377,10007,5
5377,10002,8
5377,10004,4
5378,10005,9
5378,10003,7
5378,10007,5
5378,10002,6
5379,10002,4
5379,10004,4
5379,10001,3
5379,10009,7
5380,10001,9
5380,10002,6
5380,10008,7
5380,10006,4
5380,10007,10
5380,10009,4
5381,10007,6
5382,10005,7
5382,10010,4
5382,10002,4
5382,10003,9
5382,10008,1
5382,10009,3
5382,10001,7
5383,10004,7
5383,10001,9
5384,10009,6
5384,10003,4
5384,10008,3
5384,10007,5
5384,10004,1
5384,10010,9
5385,10005,6
5385,10007,7
5385,10001,8
5386,10001,1
5386,10008,3
5386,10010,7
5386,10003,2
5386,10005,4
5386,10009,5
5386,10004,1
5386,10007,2
5387,10004,10
5387,10009,5
5388,10003,8
5388,10008,2
5389,10007,4
5389,10008,10
5389,10004,10
5389,10002,3
5389,10009,7
5390,10002,1
5391,10007,8
5392,10006,1
5392,10005,3
5392,10002,9
5392,10001,8
5392,10004,2
5392,10003,9
5392,10008,7
5393,10001,9
5393,10003,1
5393,10005,1
5393,10004,4
5393,10006,4
5393,10007,3
5393,10009,5
5393,10008,6
5394,10005,6
5395,10009,3
5396,10006,6
5396,10004,3
5396,10001,4
5396,10008,6
5396,10002,6
5396,10010,10
5397,10002,10
5397,10007,8
5397,10008,8
5397,10005,7
5397,10003,8
5397,10009,1
5397,10001,10
5398,10009,4
5398,10010,4
5398,10002,1
5398,10007,2
5398,10001,1
5398,10008,2
5398,10004,10
5399,10002,8
5399,10009,6
5399,10006,3
5399,10008,3
5399,10001,8
5399,10004,9
5400,10009,5
5400,10005,6
5400,10008,9
5400,10006,6
5400,10001,8
5400,10010,8
5400,10002,9
5400,10003,1
5401,10006,3
5401,10002,4
5401,10008,2
5401,10010,7
5401,10001,10
5401,10004,7
5402,10001,2
5402,10005,8
5402,10006,4
5402,10003,2
5402,10008,1
5402,10004,7
5402,10002,4
5402,10009,5
5403,10002,5
5403,10006,6
5403,10004,3
5404,10008,8
5404,10010,10
5404,10009,10
5404,10005,9
5405,10006,6
5405,10008,9
5406,10005,2
5406,10010,1
5406,10006,8
5406,10002,8
5406,10001,10
5406,10009,9
5407,10003,6
5407,10009,2
5407,10008,2
5407,10001,5
5407,10007,9
5407,10006,7
5407,10004,4
5407,10010,7
5408,10007,5
5408,10004,8
5409,10008,6
5409,10005,6
5409,10003,2
5409,10006,9
5409,10001,3
5410,10003,4
5410,10008,10
5410,10007,3
5410,10001,10
5410,10006,1
5410,10004,1
5410,10009,4
5411,10006,10
5411,10004,3
5411,10007,9
5411,10001,1
5411,10005,10
5412,10003,7
5412,10008,3
5412,10009,10
5412,10004,2
5412,10010,9
5412,10002,4
5412,10001,7
5412,10005,5
5413,10010,3
5413,10008,9
5413,10001,1
5413,10003,2
5414,10001,2
5414,10010,9
5414,10005,8
5414,10006,2
5414,10002,8
5415,10002,4
5416,10002,6
5416,10004,3
5417,10006,10
5417,10008,1
5418,10001,2
5418,10002,1
5418,10004,3
5418,10008,10
5418,10005,9
5419,10008,2
5419,10003,7
5419,10007,10
5420,10008,8
5420,10001,2
5420,10005,10
5420,10009,8
5421,10003,6
5421,10008,2
5421,10002,1
5421,10006,7
5421,10005,1
5421,10007,8
5421,10004,2
5422,10003,6
5422,10001,9
5422,10005,2
5422,10007,3
5422,10006,9
5422,10004,10
5422,10010,9
5423,10009,6
5423,10008,9
5424,10005,4
5424,10010,1
5424,10008,1
5425,10010,9
5425,10007,3
5425,10009,10
5425,10001,8
5425,10003,2
5425,10004,10
5425,10006,7
5425,10008,5
5426,10010,3
5426,10003,7
5426,10001,9
5426,10009,5
5427,10009,5
5428,10003,6
5428,10005,3
5428,10006,1
5428,10002,7
5428,10008,6
5428,10007,8
5428,10010,8
5428,10001,8
5429,10008,1
5429,10001,5
5429,10009,9
5430,10007,3
5430,10005,3
5430,10009,2
5430,10001,7
5430,10004,3
5430,10002,6
5431,10004,3
5431,10008,10
5431,10009,5
5431,10010,2
5432,10010,4
5432,10008,10
5432,10004,4
5433,10004,4
5433,10006,10
5433,10010,5
5433,10001,5
5434,10005,7
5434,10010,5
5434,10007,1
5434,10001,10
5434,10006,2
5435,10008,9
5435,10003,10
5435,10001,10
5435,10010,9
5435,10005,3
5436,10002,6
5437,10010,6
5437,10001,6
5437,10002,8
5437,10008,10
5437,10005,8
5437,10007,3
5437,10004,2
5438,10002,7
5438,10006,8
5438,10010,1
5438,10009,4
5438,10005,4
5438,10004,6
5438,10001,3
5438,10007,1
5439,10009,6
5439,10007,3
5439,10008,4
5439,10003,5
5440,10001,6
5440,10005,1
5440,10010,5
5440,10002,1
5441,10001,7
5441,10010,6
5441,10005,2
5441,10006,8
5442,10007,9
5442,10010,2
5442,10004,6
5442,10009,5
5442,10003,10
5442,10002,3
5443,10001,3
5443,10008,3
5443,10003,2
5443,10005,8
5444,10001,6
5444,10002,4
5444,10008,6
5444,10004,1
5445,10009,6
5445,10010,1
5445,10003,9
5445,10004,7
5445,10005,1
5445,10007,8
5445,10006,5
5446,10002,8
5446,10009,10
5446,10003,10
5447,10006,3
5447,10001,3
5447,10005,9
5447,10003,9
5448,10002,7
5448,10006,8
5448,10009,1
5448,10005,5
5448,10008,4
5448,10007,1
5448,10010,1
5448,10003,5
5449,10002,1
5449,10003,5
5449,10006,2
5449,10007,7
5450,10001,4
5451,10005,9
5451,10002,5
5451,10006,7
5451,10009,10
5451,10008,5
5451,10010,4
5451,10001,8
5451,10004,1
5452,10007,4
5452,10001,2
5452,10003,8
5452,10006,2
5453,10007,4
5453,10008,8
5453,10009,6
5454,10003,6
5454,10005,2
5454,10002,1
5454,10010,6
5454,10006,6
5454,10008,6
5454,10009,10
5455,10010,6
5456,10001,7
5456,10009,8
5456,10003,5
5457,10006,5
5457,10008,9
5457,10005,1
5457,10009,3
5457,10001,8
5457,10003,4
5458,10003,9
5458,10002,2
5458,10009,2
5458,10005,8
5458,10007,9
5458,10008,3
5459,10010,8
5459,10004,5
5459,10008,7
5459,10006,3
5459,10002,4
5459,10009,7
5460,10006,8
5460,10010,3
5460,10004,4
5460,10002,2
5460,10007,1
5460,10008,6
5461,10001,4
5461,10009,3
5462,10001,5
5462,10009,7
5462,10008,7
5463,10008,2
5463,10002,6
5463,10009,10
5464,10009,4
5464,10010,6
5464,10001,10
5464,10004,6
5465,10001,7
5465,10004,8
5466,10002,2
5467,10002,8
5467,10006,4
5467,10007,6
5467,10009,1
5467,10003,8
5467,10008,7
5467,10001,1
5467,10005,5
5468,10010,3
5468,10001,5
5468,10003,5
5468,10004,9
5468,10002,4
5469,10001,5
5469,10007,9
5469,10002,3
5469,10006,7
5470,10002,2
5470,10001,2
5470,10007,10
5470,10010,8
5470,10008,7
5470,10004,3
5471,10009,7
5471,10003,6
5471,10002,8
5471,10005,6
5471,10006,8
5471,10008,5
5472,10003,2
5472,10001,6
5472,10007,5
5472,10002,1
5472,10006,6
5473,10001,2
5473,10008,1
5473,10004,3
5473,10002,1
5474,10010,10
5475,10005,5
5476,10009,4
5476,10008,6
5476,10003,2
5476,10006,9
5476,10005,6
5476,10004,2
5477,10006,3
5477,10005,2
5478,10008,8
5478,10004,1
5478,10007,9
5478,10009,10
5479,10001,4
5479,10005,4
5479,10004,5
5480,10002,1
5480,10009,10
5480,10010,7
5480,10006,1
5480,10003,9
5480,10004,6
5481,10003,8
5481,10010,1
5481,10006,3
5481,10007,7
5481,10009,3
5482,10004,5
5482,10006,10
5483,10002,3
5483,10009,4
5483,10010,9
5483,10003,3
5483,10007,10
5484,10008,10
5484,10007,4
5484,10001,2
5484,10002,6
5484,10006,7
5484,10004,7
5485,10009,9
5485,10010,6
5485,10001,6
5485,10004,3
5485,10006,5
5485,10002,8
5486,10007,2
5487,10005,4
5487,10007,8
5487,10001,5
5487,10002,5
5487,10008,8
5487,10009,1
5487,10006,3
5488,10008,10
5488,10006,4
5488,10009,5
5488,10003,4
5488,10002,6
5488,10007,7
5489,10008,5
5490,10003,1
5490,10009,8
5490,10002,4
5490,10005,2
5490,10006,1
5490,10010,10
5491,10005,10
5491,10004,4
5492,10001,2
5492,10009,8
5492,10006,8
5492,10003,2
5492,10008,5
5493,10010,8
5494,10008,6
5494,10007,1
5494,10010,10
5494,10006,10
5494,10003,4
5494,10005,9
5494,10009,5
5495,10003,8
5495,10006,8
5495,10005,8
5495,10004,1
5496,10001,3
5496,10006,9
5497,10002,7
5497,10003,10
5497,10010,2
5498,10001,2
5498,10005,9
5499,10007,2
5499,10005,3
5499,10003,10
5499,10004,9
5500,10008,8
5500,10009,10
5500,10003,4
5501,10008,7
5501,10009,10
5501,10005,4
5501,10004,2
5501,10010,9
5501,10003,5
5502,10007,3
5503,10007,4
5503,10001,2
5503,10006,10
5503,10009,5
5504,10006,6
5504,10004,2
5505,10003,2
5506,10003,3
5506,10006,7
5507,10004,7
5507,10010,6
5507,10005,8
5507,10003,3
5507,10009,8
5507,10002,8
5508,10003,10
5508,10002,3
5508,10001,4
5508,10007,2
5508,10009,5
5508,10010,7
5508,10006,1
5508,10004,5
5509,10004,7
5509,10003,9
5509,10002,3
5509,10005,5
5510,10006,3
5510,10004,8
5510,10009,6
5511,10003,6
5511,10005,5
5511,10001,6
5511,10009,10
5511,10002,4
5511,10006,7
5511,10010,6
5511,10004,8
5512,10004,2
5513,10006,6
5513,10007,1
5513,10008,1
5513,10010,10
5514,10006,10
5515,10003,1
5515,10007,2
5515,10006,10
5515,10010,5
5515,10001,5
5515,10004,4
5516,10001,9
5516,10005,5
5516,10008,5
5516,10002,3
5516,10003,9
5516,10004,2
5516,10009,7
5516,10007,1
5517,10008,9
5517,10001,8
5517,10003,10
5518,10010,1
5518,10005,9
5518,10009,2
5518,10008,10
5518,10006,5
5518,10007,4
5518,10002,9
5518,10003,2
5519,10008,2
5519,10001,2
5520,10007,10
5520,10003,7
5520,10004,9
5520,10005,5
5520,10006,10
5520,10008,6
5521,10005,4
5521,10007,1
5521,10006,1
5521,10003,9
5522,10009,7
5522,10004,2
5522,10010,3
5522,10002,10
5522,10007,10
5522,10008,2
5523,10006,4
5523,10007,2
5523,10005,8
5523,10001,7
5524,10006,10
5524,10009,10
5524,10004,6
5524,10003,10
5525,10008,3
5525,10004,4
5525,10003,1
5525,10010,4
5525,10002,8
5525,10007,5
5526,10001,10
5526,10003,5
5526,10002,9
5526,10005,6
5526,10010,9
5527,10001,4
5527,10008,9
5527,10010,2
5527,10002,9
5527,10006,2
5527,10003,9
5527,10005,1
5527,10007,4
5528,10004,4
5528,10008,6
5529,10004,5
5529,10005,1
5530,10008,4
5530,10009,3
5530,10004,8
5530,10002,9
5531,10003,7
5532,10001,4
5532,10007,7
5532,10002,10
5532,10005,7
5532,10010,2
5532,10003,6
5532,10004,2
5533,10001,7
5533,10008,7
5533,10002,6
5534,10005,2
5534,10010,10
5534,10008,4
5535,10007,9
5535,10001,10
5535,10006,7
5535,10004,9
5535,10003,7
5536,10002,2
5536,10007,7
5537,10009,5
5537,10003,7
5537,10002,1
5537,10010,10
5537,10005,6
5538,10006,8
5538,10003,10
5538,10008,3
5538,10007,1
5539,10010,8
5539,10006,7
5540,10007,2
5540,10010,5
5540,10009,3
5541,10007,6
5541,10008,4
5541,10005,1
5541,10002,10
5541,10003,6
5541,10009,2
5542,10002,9
5543,10001,3
5543,10006,5
5543,10005,7
5543,10007,1
5543,10010,9
5543,10003,5
5543,10002,4
5544,10002,7
5544,10001,6
5544,10008,9
5544,10007,10
5544,10009,6
5544,10006,5
5544,10005,9
5545,10008,6
5545,10010,4
5545,10005,10
5545,10003,1
5545,10009,9
5545,10004,3
5546,10007,6
5546,10002,3
5546,10009,6
5546,10008,10
5546,10003,5
5546,10005,4
5547,10006,6
5547,10001,1
5547,10005,10
5547,10007,2
5547,10002,3
5547,10003,2
5547,10004,10
5547,10010,7
5548,10002,1
5548,10008,10
5548,10010,8
5548,10003,2
5548,10005,4
5548,10009,6
5549,10010,8
5549,10001,9
5549,10005,5
5549,10004,4
5549,10007,7
5549,10006,3
5549,10002,9
5550,10004,3
5550,10003,8
5550,10006,2
5551,10003,10
5551,10004,4
5551,10006,4
5551,10001,2
5551,10008,9
5551,10005,7
5551,10007,3
5551,10010,4
5552,10001,7
5552,10003,9
5553,10008,3
5553,10004,9
5553,10006,8
5554,10001,1
5554,10009,8
5555,10007,1
5555,10009,10
5555,10010,6
5555,10002,9
5556,10009,3
5556,10005,4
5556,10003,5
5556,10002,7
5556,10007,9
5557,10004,8
5557,10006,10
5557,10008,3
5557,10001,1
5557,10007,4
5557,10009,3
5558,10006,5
5558,10005,9
5558,10008,2
5558,10010,10
5558,10007,6
5559,10007,7
5559,10002,5
5559,10010,2
5559,10004,9
5559,10005,5
5559,10001,10
5559,10009,8
5559,10006,3
5560,10008,10
5560,10010,3
5560,10003,6
5560,10004,10
5560,10002,7
5560,10006,3
5560,10007,6
5561,10007,10
5562,10008,7
5562,10004,1
5562,10002,10
5562,10005,4
5563,10004,5
5563,10009,7
5563,10006,2
5563,10005,7
5563,10002,1
5563,10007,5
5564,10010,7
5564,10005,1
5564,10006,10
5565,10001,9
5565,10009,10
5565,10003,7
5565,10006,5
5565,10002,8
5565,10010,10
5566,10010,8
5566,10007,10
5567,10005,4
5567,10006,6
5567,10002,9
5567,10004,8
5567,10003,10
5567,10001,7
5567,10010,7
5567,10008,5
5568,10007,6
5568,10002,10
5568,10010,6
5568,10005,10
5568,10001,7
5568,10006,4
5568,10004,5
5568,10009,7
5569,10009,1
5569,10003,6
5569,10007,5
5569,10004,1
5569,10010,1
5570,10006,3
5570,10001,7
5570,10009,7
5570,10003,8
5571,10002,1
5571,10006,1
5571,10003,1
5571,10008,2
5571,10005,9
5572,10010,9
5572,10001,3
5572,10005,8
5573,10005,10
5573,10008,10
5573,10004,6
5573,10001,1
5573,10010,10
5574,10005,3
5574,10004,3
5574,10003,3
5574,10010,9
5574,10008,6
5574,10002,10
5574,10006,5
5575,10010,4
5575,10004,7
5575,10008,9
5575,10002,8
5575,10007,8
5575,10006,9
5576,10001,5
5576,10008,9
5576,10002,2
5577,10005,10
5577,10006,1
5577,10008,7
5577,10010,7
5577,10002,10
5577,10004,3
5577,10003,2
5578,10008,8
5579,10009,4
5580,10006,7
5580,10001,1
5580,10007,3
5580,10004,7
5580,10005,6
5580,10008,4
5580,10002,3
5581,10008,8
5581,10004,7
5581,10010,9
5581,10001,7
5581,10002,7
5581,10005,2
5581,10007,10
5581,10003,2
5582,10008,7
5582,10006,4
5582,10001,8
5583,10010,1
5583,10008,8
5584,10007,7
5584,10001,10
5585,10001,4
5585,10004,2
5585,10005,10
5585,10006,7
5586,10002,1
5586,10009,4
5586,10008,3
5586,10010,9
5586,10001,7
5586,10003,10
5586,10007,9
5587,10007,9
5588,10005,3
5588,10009,7
5588,10004,2
5588,10007,7
5589,10010,8
5589,10001,6
5590,10010,7
5590,10005,2
5590,10007,1
5590,10008,7
5590,10003,6
5590,10006,2
5590,10002,5
5591,10010,10
5592,10006,6
5593,10003,3
5593,10010,9
5594,10005,7
5594,10003,4
5594,10009,5
5594,10007,3
5595,10002,10
5595,10008,5
5595,10009,9
5595,10005,3
5595,10010,9
5595,10007,10
5595,10004,4
5596,10002,4
5596,10009,2
5596,10007,3
5596,10004,7
5596,10003,5
5596,10008,5
5596,10001,3
5597,10006,7
5597,10007,5
5597,10004,6
5598,10006,7
5598,10008,10
5598,10007,3
5598,10002,6
5598,10003,10
5598,10010,1
5599,10003,8
5599,10007,4
5599,10008,9
5599,10002,6
5599,10005,10
5599,10004,2
5600,10010,4
5600,10009,6
5600,10003,7
5600,10006,1
5600,10004,4
5600,10001,9
5600,10008,10
5600,10002,7
5601,10005,10
5601,10003,6
5601,10007,10
5602,10004,9
5602,10009,2
5602,10007,4
5602,10006,9
5602,10003,7
5602,10008,10
5603,10007,10
5603,10004,10
5603,10010,2
5603,10006,3
5604,10006,2
5604,10009,7
5604,10003,10
5604,10001,8
5604,10005,9
5604,10007,6
5605,10008,9
5605,10001,4
5605,10005,9
5606,10004,9
5607,10001,3
5607,10002,2
5607,10004,8
5607,10003,2
5608,10009,1
5608,10002,7
5608,10007,2
5608,10006,2
5609,10005,1
5609,10003,2
5609,10001,2
5609,10006,5
5609,10004,10
5609,10007,10
5609,10008,5
5610,10004,5
5610,10005,6
5611,10002,10
5612,10005,10
5613,10002,2
5613,10007,10
5613,10005,9
5614,10010,5
5614,10006,3
5614,10008,1
5615,10005,2
5615,10010,2
5615,10002,7
5615,10009,4
5615,10006,5
5615,10003,8
5616,10001,6
5616,10007,8
5616,10006,5
5616,10010,5
5616,10003,10
5617,10008,3
5617,10001,4
5617,10009,7
5617,10010,8
5617,10003,8
5617,10002,6
5618,10009,9
5618,10008,8
5618,10010,5
5618,10005,10
5618,10007,10
5619,10001,9
5619,10004,5
5619,10010,6
5619,10002,9
5619,10003,10
5619,10009,1
5619,10008,8
5619,10005,6
5620,10004,8
5620,10008,8
5620,10005,8
5620,10010,9
5621,10009,8
5621,10010,10
5621,10007,7
5621,10008,5
5621,10006,9
5621,10005,3
5621,10004,9
5621,10002,5
5622,10006,2
5622,10009,9
5622,10003,1
5623,10001,6
5623,10009,4
5623,10007,6
5623,10010,5
5623,10006,9
5624,10009,7
5624,10010,2
5624,10001,6
5624,10003,9
5624,10006,7
5625,10010,4
5625,10009,10
5625,10005,10
5625,10007,2
5625,10004,3
5625,10003,9
5626,10008,10
5626,10010,2
5626,10007,7
5626,10002,5
5626,10003,8
5626,10005,2
5627,10003,4
5627,10004,2
5627,10009,3
5628,10002,6
5628,10008,5
5628,10005,4
5628,10010,7
5628,10003,1
5629,10001,9
5629,10006,5
5629,10008,3
5629,10005,8
5630,10007,7
5630,10008,3
5630,10001,9
5630,10003,7
5630,10009,5
5630,10005,2
5630,10006,8
5631,10001,5
5631,10003,7
5631,10005,1
5631,10002,3
5631,10008,1
5632,10006,8
5632,10009,3
5632,10005,8
5632,10003,6
5633,10006,9
5633,10003,6
5633,10010,10
5633,10007,5
5633,10008,6
5634,10008,4
5634,10009,7
5634,10007,3
5635,10007,9
5635,10006,7
5635,10010,1
5635,10001,4
5635,10003,2
5635,10009,3
5635,10008,1
5635,10002,8
5636,10010,9
5636,10003,3
5636,10004,2
5636,10009,3
5636,10005,2
5637,10008,6
5637,10002,5
5637,10009,3
5637,10006,1
5638,10010,8
5638,10009,4
5638,10002,9
5638,10001,2
5638,10003,8
5638,10005,3
5639,10006,3
5639,10001,3
5640,10003,7
5640,10007,3
5641,10004,4
5642,10005,5
5643,10008,2
5643,10005,2
5643,10002,10
5643,10010,2
5643,10007,2
5644,10002,1
5644,10005,1
5644,10009,4
5644,10003,5
5644,10007,6
5644,10001,8
5644,10008,8
5645,10005,3
5645,10002,5
5645,10004,8
5645,10008,5
5646,10003,9
5646,10005,3
5647,10007,4
5647,10003,10
5647,10010,3
5647,10001,9
5648,10003,10
5648,10010,2
5648,10002,3
5648,10009,10
5648,10004,1
5648,10001,10
5648,10005,1
5648,10006,10
5649,10002,8
5649,10005,5
5649,10010,3
5650,10005,8
5650,10003,10
5650,10004,8
5650,10007,6
5650,10001,1
5651,10010,3
5652,10008,4
5652,10010,6
5652,10003,3
5652,10004,8
5653,10007,8
5653,10006,3
5653,10010,2
5653,10001,2
5653,10004,9
5653,10009,7
5653,10003,3
5653,10005,2
5654,10004,5
5654,10002,8
5654,10009,8
5654,10005,1
5655,10005,4
5656,10006,2
5656,10010,10
5657,10009,1
5657,10001,8
5657,10004,6
5657,10008,3
5657,10006,3
5657,10005,9
5657,10002,5
5657,10003,6
5658,10002,4
5658,10003,10
5659,10008,3
5659,10007,2
5659,10009,4
5659,10001,7
5659,10003,5
5660,10008,3
5660,10010,9
5660,10001,5
5661,10008,1
5661,10007,3
5661,10004,5
5661,10006,6
5662,10009,9
5662,10010,10
5662,10001,9
5662,10005,6
5662,10003,10
5662,10008,4
5663,10001,1
5663,10008,3
5663,10007,2
5663,10004,9
5663,10010,8
5663,10006,9
5664,10009,5
5664,10010,5
5664,10003,4
5664,10008,7
5664,10007,1
5665,10001,8
5666,10002,2
5666,10006,2
5666,10004,4
5666,10007,5
5666,10005,8
5666,10008,5
5667,10006,2
5667,10004,3
5667,10009,5
5667,10003,6
5668,10006,6
5668,10002,4
5668,10008,8
5668,10005,1
5669,10005,4
5669,10008,2
5670,10006,2
5671,10003,8
5671,10001,10
5671,10009,5
5672,10003,9
5672,10010,9
5672,10007,8
5672,10005,8
5673,10004,9
5673,10009,5
5673,10003,7
5673,10007,6
5673,10006,3
5673,10010,5
5673,10002,6
5673,10005,10
5674,10003,6
5675,10007,1
5675,10006,4
5675,10004,6
5675,10010,1
5675,10003,3
5675,10005,1
5675,10001,3
5675,10009,3
5676,10005,3
5676,10009,1
5676,10003,1
5676,10010,10
5676,10008,5
5676,10002,8
5676,10004,9
5677,10007,8
5677,10004,8
5677,10010,8
5678,10008,9
5678,10010,4
5679,10008,6
5680,10009,3
5680,10001,5
5680,10007,9
5680,10004,9
5681,10007,3
5681,10009,8
5682,10010,6
5682,10006,4
5682,10004,9
5682,10003,5
5682,10008,6
5682,10002,9
5682,10007,2
5682,10005,9
5683,10005,9
5683,10002,1
5683,10010,1
5683,10006,5
5683,10001,3
5684,10006,7
5684,10003,9
5684,10005,3
5685,10002,7
5686,10001,8
5686,10006,8
5686,10007,6
5686,10010,2
5686,10003,6
5686,10004,5
5686,10009,4
5686,10008,4
5687,10010,3
5687,10009,5
5687,10008,1
5687,10004,10
5687,10002,8
5688,10004,9
5688,10008,4
5688,10007,2
5688,10009,6
5689,10005,2
5689,10010,8
5689,10004,9
5689,10002,9
5689,10006,3
5689,10009,8
5690,10007,10
5690,10009,8
5690,10002,9
5690,10003,4
5690,10001,5
5690,10005,9
5690,10006,1
5691,10007,4
5691,10010,6
5691,10005,5
5691,10008,3
5691,10001,4
5691,10009,9
5691,10006,1
5692,10009,9
5692,10006,3
5692,10003,7
5692,10002,9
5692,10007,3
5692,10001,8
5692,10005,3
5693,10007,4
5693,10010,5
5693,10001,6
5694,10002,7
5695,10003,6
5695,10006,7
5695,10009,3
5696,10001,7
5696,10004,7
5696,10006,8
5696,10003,5
5696,10010,3
5697,10006,7
5697,10004,2
5697,10005,2
5697,10003,4
5698,10008,7
5698,10003,7
5698,10001,5
5698,10007,7
5698,10006,2
5698,10010,6
5698,10002,5
5699,10003,3
5699,10007,10
5699,10005,6
5699,10001,9
5699,10002,8
5699,10006,4
5699,10008,4
5699,10010,10
5700,10007,7
5700,10009,2
5700,10002,10
5700,10001,5
5700,10008,6
5700,10003,3
5700,10010,10
5700,10006,4
5701,10005,8
5701,10006,8
5701,10003,1
5701,10008,5
5701,10004,1
5701,10001,2
5702,10001,7
5702,10010,8
5702,10004,10
5702,10009,4
5702,10006,8
5703,10009,3
5703,10001,1
5703,10010,2
5703,10003,8
5703,10004,2
5703,10005,10
5704,10002,7
5704,10008,2
5704,10001,10
5704,10010,10
5704,10003,2
5704,10006,1
5704,10009,3
5704,10005,2
5705,10003,4
5705,10009,6
5705,10005,8
5706,10003,4
5706,10010,3
5706,10008,5
5706,10007,5
5706,10002,1
5706,10005,4
5707,10006,2
5707,10008,5
5707,10003,7
5708,10006,5
5708,10001,9
5708,10007,5
5708,10010,7
5708,10005,8
5708,10003,10
5709,10009,7
5709,10004,1
5709,10002,5
5709,10003,2
5709,10007,8
5710,10003,9
5710,10005,7
5710,10010,10
5710,10006,10
5711,10002,10
5711,10005,4
5711,10004,8
5711,10008,3
5711,10007,8
5711,10009,3
5712,10002,8
5712,10009,8
5712,10010,10
5712,10003,5
5712,10005,1
5712,10001,2
5712,10007,2
5712,10006,5
5713,10001,4
5713,10004,10
5714,10005,8
5714,10008,8
5714,10007,2
5715,10003,10
5715,10010,2
5715,10004,9
5715,10002,7
5715,10005,8
5716,10009,5
5716,10003,5
5717,10003,6
5717,10005,10
5717,10006,2
5717,10008,7
5718,10004,1
5718,10006,3
5718,10005,9
5718,10001,9
5719,10006,7
5719,10003,7
5720,10004,2
5720,10001,10
5720,10002,8
5720,10006,1
5720,10007,2
5720,10009,1
5720,10008,5
5720,10005,5
5721,10006,7
5721,10009,3
5721,10008,10
5721,10007,10
5721,10002,8
5722,10008,9
5722,10003,4
5722,10002,4
5722,10001,8
5722,10004,5
5722,10009,9
5722,10005,9
5722,10006,5
5723,10002,1
5724,10009,3
5724,10001,10
5725,10007,4
5725,10009,2
5725,10002,3
5725,10003,8
5725,10005,4
5726,10004,9
5726,10007,4
5726,10010,10
5726,10001,4
5726,10002,5
5726,10009,3
5726,10005,5
5727,10001,9
5727,10005,4
5727,10010,7
5727,10009,6
5727,10003,1
5727,10008,10
5727,10002,7
5727,10007,10
5728,10005,1
5728,10003,1
5728,10007,6
5728,10008,1
5729,10006,7
5729,10009,5
5729,10004,2
5729,10008,4
5729,10001,10
5729,10002,10
5730,10006,2
5730,10007,1
5730,10008,6
5731,10008,9
5731,10001,8
5731,10007,8
5731,10002,2
5731,10010,6
5731,10009,10
5731,10006,4
5731,10003,9
5732,10001,9
5732,10003,6
5733,10010,9
5733,10003,4
5733,10008,5
5733,10002,1
5734,10008,2
5735,10009,9
5735,10002,9
5735,10005,6
5735,10010,2
5736,10005,8
5736,10010,9
5737,10002,6
5737,10001,6
5737,10006,8
5737,10005,2
5737,10003,7
5737,10008,6
5738,10010,7
5739,10002,8
5739,10005,1
5739,10004,8
5739,10001,10
5739,10007,1
5739,10003,7
5739,10008,6
5739,10010,8
5740,10008,10
5740,10003,8
5740,10010,5
5740,10005,9
5740,10001,6
5740,10004,6
5740,10006,10
5740,10007,10
5741,10004,2
5741,10007,5
5741,10008,10
5741,10003,9
5741,10010,8
5741,10005,8
5742,10004,5
5743,10010,7
5743,10005,5
5743,10006,5
5743,10003,5
5743,10009,7
5744,10004,6
5744,10007,5
5744,10006,9
5744,10001,10
5744,10009,8
5745,10007,4
5745,10002,9
5746,10010,1
5746,10008,6
5746,10006,7
5746,10004,3
5747,10005,4
5747,10010,6
5747,10002,1
5747,10008,10
5747,10001,6
5748,10003,3
5748,10006,8
5748,10010,6
5748,10004,9
5749,10009,5
5749,10001,5
5750,10001,6
5750,10009,2
5750,10008,3
5750,10006,5
5750,10010,4
5751,10001,8
5752,10001,2
5752,10010,8
5752,10008,3
5752,10009,1
5752,10005,7
5752,10004,7
5753,10010,6
5753,10004,8
5753,10001,4
5753,10009,10
5754,10003,5
5755,10004,8
5755,10001,5
5755,10009,2
5755,10005,7
5755,10003,9
5755,10010,7
5756,10008,4
5756,10007,8
5756,10004,9
5757,10003,8
5757,10002,4
5757,10009,2
5757,10008,1
5758,10010,4
5758,10001,6
5758,10008,9
5758,10009,4
5758,10005,9
5758,10006,10
5759,10010,1
5759,10003,8
5759,10002,4
5760,10009,4
5760,10003,8
5760,10005,1
5761,10001,2
5761,10008,7
5761,10005,9
5761,10002,6
5761,10006,5
5761,10009,2
5761,10004,3
5761,10003,1
5762,10008,10
5762,10002,2
5762,10009,8
5762,10003,1
5762,10001,6
5763,10003,7
5763,10007,9
5763,10004,1
5763,10008,3
5763,10006,10
5763,10005,8
5763,10009,10
5764,10003,4
5764,10008,6
5764,10010,8
5764,10007,4
5764,10009,6
5764,10002,4
5764,10001,3
5764,10006,8
5765,10003,7
5765,10001,8
5765,10010,4
5765,10005,6
5765,10004,7
5765,10006,9
5765,10008,7
5765,10007,7
5766,10010,6
5766,10005,2
5766,10004,4
5766,10009,1
5766,10008,8
5766,10001,5
5766,10006,2
5766,10002,7
5767,10006,2
5767,10004,5
5767,10002,6
5767,10009,9
5767,10007,5
5767,10008,10
5768,10004,10
5768,10007,9
5768,10008,1
5769,10002,6
5770,10010,2
5770,10004,7
5770,10001,8
5770,10006,8
5771,10002,7
5771,10009,10
5772,10010,3
5772,10003,9
5772,10009,2
5772,10006,4
5773,10001,9
5773,10002,4
5773,10009,8
5773,10005,1
5773,10008,1
5773,10006,5
5773,10007,8
5773,10010,2
5774,10007,3
5774,10010,9
5774,10005,4
5774,10009,4
5774,10006,3
5775,10008,1
5776,10006,2
5777,10007,3
5777,10006,1
5778,10005,2
5778,10008,3
5778,10002,7
5778,10006,9
5778,10001,10
5779,10004,6
5780,10003,5
5781,10009,9
5781,10007,1
5781,10004,10
5782,10006,8
5782,10004,10
5782,10002,8
5782,10009,2
5782,10008,1
5782,10005,3
5783,10001,1
5783,10006,1
5783,10008,9
5783,10010,1
5783,10004,3
5783,10005,7
5784,10006,2
5784,10001,7
5784,10007,7
5784,10002,1
5785,10006,8
5785,10007,10
5785,10002,5
5785,10005,8
5785,10010,8
5785,10001,7
5786,10001,3
5786,10010,2
5786,10007,8
5786,10004,1
5786,10002,7
5787,10001,9
5787,10008,1
5787,10002,8
5787,10003,5
5787,10006,8
5787,10009,5
5787,10007,6
5787,10010,4
5788,10007,5
5789,10010,7
5790,10001,2
5790,10007,3
5790,10004,1
5790,10008,6
5790,10006,10
5790,10009,5
5790,10005,4
5790,10010,3
5791,10004,4
5791,10009,6
5791,10008,1
5791,10006,6
5791,10010,10
5791,10007,9
5791,10003,5
5792,10010,6
5792,10002,9
5793,10003,10
5794,10009,5
5794,10003,7
5794,10007,5
5794,10001,8
5794,10004,8
5795,10003,1
5795,10008,6
5796,10007,7
5796,10004,4
5796,10005,5
5796,10009,1
5796,10001,8
5796,10006,7
5796,10002,4
5797,10001,1
5797,10003,9
5797,10006,10
5798,10001,3
5798,10010,10
5798,10009,8
5798,10007,4
5799,10002,10
5799,10010,2
5799,10003,6
5800,10008,1
5800,10007,4
5800,10001,6
5800,10002,3
5800,10009,3
5800,10004,4
5801,10006,1
5801,10009,1
5801,10010,8
5801,10001,3
5801,10003,4
5801,10007,3
5801,10004,5
5802,10004,4
5802,10007,6
5802,10005,4
5803,10001,6
5803,10009,3
5803,10005,10
5804,10009,7
5804,10002,6
5804,10010,5
5804,10008,4
5805,10001,5
5805,10010,1
5805,10003,4
5805,10006,8
5805,10002,5
5805,10005,4
5805,10009,8
5806,10006,9
5806,10003,1
5806,10001,1
5806,10004,6
5806,10002,10
5806,10009,6
5807,10010,6
5807,10002,6
5807,10008,3
5807,10003,10
5807,10001,3
5807,10009,5
5808,10008,9
5808,10009,8
5808,10001,10
5808,10002,6
5808,10006,9
5808,10003,9
5809,10006,3
5809,10005,10
5810,10006,5
5811,10001,10
5811,10002,10
5811,10010,8
5812,10004,1
5812,10008,8
5812,10006,5
5812,10001,7
5812,10005,1
5812,10010,3
5812,10003,4
5813,10005,8
5813,10010,6
5814,10009,1
5814,10007,2
5815,10010,1
5815,10002,6
5815,10005,4
5815,10004,5
5815,10008,4
5815,10001,10
5815,10009,1
5815,10007,9
5816,10006,6
5816,10002,6
5816,10005,6
5816,10001,3
5816,10007,3
5816,10010,8
5817,10009,9
5818,10005,1
5818,10001,8
5818,10002,1
5818,10004,4
5818,10009,9
5818,10008,4
5819,10007,6
5819,10008,4
5819,10003,10
5819,10001,1
5819,10005,1
5820,10004,9
5820,10002,10
5820,10009,6
5820,10005,9
5820,10007,6
5820,10006,7
5821,10010,8
5821,10009,9
5821,10004,2
5821,10002,1
5821,10006,6
5821,10005,4
5822,10008,10
5822,10003,1
5823,10006,6
5823,10005,5
5823,10002,4
5823,10003,8
5823,10009,9
5823,10004,4
5823,10010,3
5823,10007,10
5824,10006,5
5824,10003,9
5824,10007,9
5824,10008,6
5825,10001,9
5825,10005,6
5825,10002,1
5825,10009,1
5825,10007,2
5826,10003,6
5826,10009,7
5826,10004,4
5826,10007,5
5827,10007,5
5827,10004,3
5827,10008,2
5827,10010,2
5828,10010,3
5828,10008,10
5828,10001,10
5828,10004,1
5828,10007,1
5828,10009,6
5828,10003,5
5828,10002,2
5829,10003,10
5829,10008,8
5829,10004,1
5829,10005,8
5830,10005,10
5830,10004,9
5831,10004,8
5831,10002,2
5831,10009,8
5832,10009,2
5832,10005,9
5832,10008,5
5832,10003,5
5832,10007,2
5833,10007,3
5833,10005,10
5833,10006,1
5833,10001,6
5833,10008,6
5833,10004,3
5833,10009,7
5833,10003,6
5834,10007,6
5835,10010,6
5835,10001,9
5835,10008,9
5835,10002,2
5835,10005,5
5836,10008,1
5836,10003,2
5836,10009,8
5837,10002,2
5837,10009,1
5837,10001,10
5837,10010,10
5837,10005,3
5837,10004,10
5837,10008,2
5837,10006,6
5838,10009,9
5838,10010,3
5838,10005,10
5838,10003,8
5839,10009,5
5839,10004,6
5839,10001,3
5839,10006,6
5839,10008,1
5839,10010,9
5839,10005,6
5840,10007,5
5840,10003,3
5840,10005,9
5840,10009,2
5840,10002,5
5840,10010,9
5841,10006,7
5841,10001,1
5841,10007,2
5841,10003,5
5841,10005,9
5841,10002,8
5841,10010,6
5842,10001,8
5842,10008,3
5843,10008,5
5843,10001,8
5843,10007,6
5843,10003,7
5843,10006,1
5844,10008,4
5844,10003,1
5844,10004,4
5844,10001,2
5845,10006,5
5845,10008,4
5845,10002,8
5845,10007,6
5846,10006,2
5846,10002,7
5846,10009,9
5846,10001,9
5846,10005,9
5846,10008,6
5847,10004,7
5847,10001,5
5848,10006,10
5848,10003,3
5848,10007,10
5848,10001,4
5848,10009,3
5849,10007,6
5849,10003,6
5849,10005,6
5849,10006,7
5849,10004,1
5849,10009,7
5849,10002,6
5849,10010,2
5850,10003,9
5850,10008,5
5850,10004,6
5851,10004,8
5851,10007,2
5851,10009,2
5851,10001,8
5851,10005,9
5851,10006,7
5852,10009,2
5852,10003,10
5853,10004,3
5853,10008,7
5853,10009,1
5854,10006,8
5854,10001,3
5854,10003,3
5854,10005,3
5854,10009,1
5854,10008,9
5854,10010,6
5854,10002,3
5855,10007,1
5855,10004,2
5856,10010,1
5856,10009,5
5856,10005,4
5856,10002,3
5857,10006,8
5857,10002,2
5857,10005,6
5857,10001,10
5857,10007,10
5857,10003,6
5857,10004,8
5858,10010,7
5858,10006,9
5858,10009,1
5858,10001,9
5858,10002,2
5858,10005,6
5858,10003,2
5858,10007,6
5859,10006,4
5859,10002,8
5859,10008,1
5859,10009,3
5859,10004,8
5859,10003,9
5859,10007,5
5859,10001,8
5860,10006,5
5860,10003,1
5860,10007,4
5860,10010,7
5860,10001,5
5861,10003,5
5861,10002,8
5861,10004,8
5862,10001,1
5862,10004,6
5862,10009,7
5862,10002,4
5863,10004,7
5863,10002,4
5863,10010,1
5863,10001,6
5863,10009,4
5863,10003,1
5863,10008,8
5863,10005,4
5864,10004,3
5864,10009,7
5864,10005,3
5864,10002,6
5864,10007,10
5865,10006,9
5865,10004,1
5865,10005,4
5866,10005,1
5867,10004,9
5867,10001,1
5867,10008,5
5867,10002,4
5867,10010,4
5867,10003,3
5868,10004,8
5868,10002,8
5868,10006,8
5869,10007,4
5869,10004,3
5870,10010,1
5870,10004,4
5870,10007,6
5870,10006,9
5870,10008,1
5870,10005,1
5870,10002,9
5870,10001,7
5871,10001,2
5872,10007,10
5872,10008,10
5872,10004,5
5872,10005,6
5872,10003,10
5872,10006,1
5873,10006,10
5873,10004,9
5873,10008,7
5873,10009,4
5873,10007,5
5873,10003,3
5873,10010,10
5873,10002,1
5874,10004,10
5875,10007,7
5875,10008,4
5875,10009,9
5875,10004,8
5876,10005,9
5876,10004,8
5876,10002,6
5876,10003,4
5876,10007,3
5876,10009,8
5877,10004,4
5877,10001,2
5877,10008,10
5877,10007,8
5877,10010,9
5877,10006,1
5877,10002,4
5878,10006,6
5878,10003,10
5878,10010,9
5878,10004,2
5878,10007,5
5878,10008,8
5878,10009,10
5879,10002,3
5880,10005,5
5880,10007,7
5880,10010,8
5880,10006,9
5880,10003,8
5881,10003,8
5881,10008,10
5881,10002,10
5881,10006,3
5881,10007,9
5881,10004,2
5881,10009,2
5882,10005,6
5882,10008,3
5882,10002,3
5882,10004,4
5883,10003,5
5884,10005,9
5884,10010,3
5884,10007,8
5884,10009,3
5884,10003,4
5884,10002,3
5884,10001,10
5884,10006,9
5885,10010,1
5885,10003,7
5885,10004,3
5886,10005,8
5887,10007,8
5887,10003,10
5887,10008,4
5887,10006,1
5887,10010,9
5887,10009,6
5887,10005,4
5888,10002,6
5888,10005,2
5888,10004,2
5888,10010,5
5888,10009,2
5888,10006,2
5888,10007,4
5888,10003,1
5889,10003,7
5889,10004,4
5889,10005,8
5889,10001,6
5889,10008,10
5889,10010,6
5890,10009,2
5891,10005,2
5891,10004,6
5891,10001,6
5891,10002,1
5891,10010,8
5891,10007,9
5891,10006,1
5891,10003,7
5892,10008,2
5892,10007,9
5893,10001,7
5894,10008,1
5894,10004,9
5894,10010,5
5894,10001,3
5894,10005,8
5894,10002,8
5894,10007,4
5894,10006,10
5895,10007,10
5895,10003,1
5895,10004,2
5895,10008,9
5895,10001,7
5896,10008,5
5896,10002,4
5896,10001,2
5896,10010,1
5896,10004,3
5896,10009,3
5896,10006,4
5896,10007,5
5897,10003,6
5897,10005,2
5897,10006,2
5897,10002,6
5898,10010,5
5898,10001,5
5898,10009,5
5898,10008,6
5899,10001,6
5900,10002,9
5900,10007,6
5900,10001,6
5901,10003,4
5901,10005,9
5902,10006,9
5902,10008,3
5902,10002,7
5902,10004,4
5902,10007,7
5902,10009,1
5902,10010,4
5903,10009,7
5903,10006,2
5903,10001,6
5903,10002,5
5903,10003,1
5903,10010,9
5903,10007,1
5904,10010,10
5904,10008,6
5904,10007,6
5904,10001,3
5904,10002,3
5904,10004,10
5905,10002,2
5905,10010,10
5905,10007,8
5905,10001,3
5905,10008,2
5905,10005,7
5905,10009,8
5905,10003,2
5906,10010,6
5906,10004,4
5906,10008,7
5906,10009,4
5906,10007,3
5906,10003,6
5906,10001,8
5906,10005,1
5907,10001,3
5907,10009,8
5907,10007,9
5907,10006,3
5907,10002,3
5907,10005,1
5908,10005,10
5908,10002,6
5908,10004,4
5908,10008,6
5908,10007,2
5908,10010,6
5909,10007,2
5909,10003,8
5910,10006,9
5910,10005,2
5910,10007,3
5910,10009,1
5910,10001,4
5910,10010,3
5910,10003,7
5910,10008,10
5911,10004,7
5912,10002,8
5912,10007,2
5913,10001,7
5913,10003,3
5914,10006,6
5914,10003,5
5914,10007,3
5914,10009,1
5915,10003,1
5916,10003,2
5916,10010,7
5916,10002,8
5916,10006,2
5916,10009,4
5916,10005,6
5917,10005,6
5917,10010,7
5917,10007,6
5918,10004,2
5919,10004,1
5919,10001,1
5919,10007,8
5919,10009,4
5919,10006,7
5919,10010,7
5919,10003,7
5919,10008,6
5920,10007,4
5920,10006,2
5920,10002,1
5920,10003,2
5921,10008,2
5921,10003,1
5921,10007,7
5921,10001,6
5921,10010,2
5921,10002,4
5921,10004,7
5922,10006,7
5922,10004,6
5923,10004,5
5923,10010,8
5923,10003,2
5923,10001,8
5923,10007,7
5923,10009,3
5923,10008,8
5923,10006,5
5924,10004,9
5924,10002,5
5925,10008,8
5925,10003,9
5925,10002,5
5925,10005,7
5925,10009,7
5926,10009,5
5927,10008,8
5927,10003,10
5927,10009,5
5927,10006,1
5927,10002,4
5927,10010,2
5928,10007,9
5928,10008,5
5928,10003,10
5928,10004,7
5929,10001,1
5929,10009,10
5929,10005,9
5929,10008,9
5929,10003,2
5929,10007,5
5929,10004,7
5930,10006,9
5930,10001,7
5930,10010,6
5930,10009,7
5930,10008,7
5930,10007,3
5930,10004,9
5930,10003,10
5931,10001,9
5931,10003,2
5932,10008,10
5932,10005,3
5932,10009,2
5932,10004,8
5932,10007,7
5932,10002,10
5932,10003,4
5932,10010,7
5933,10010,2
5933,10001,1
5933,10008,7
5933,10007,4
5933,10009,10
5934,10010,6
5934,10005,6
5934,10003,3
5935,10005,4
5935,10008,8
5935,10001,5
5935,10002,6
5935,10010,2
5935,10006,4
5935,10009,2
5936,10002,10
5936,10005,3
5936,10004,1
5936,10007,9
5936,10010,4
5936,10003,6
5936,10001,5
5936,10008,1
5937,10009,4
5937,10008,5
5937,10003,4
5937,10007,6
5937,10010,8
5937,10004,10
5938,10008,1
5938,10006,3
5939,10006,4
5940,10009,3
5940,10003,7
5940,10001,1
5940,10008,7
5940,10004,10
5941,10005,7
5941,10003,8
5941,10010,8
5941,10001,7
5942,10010,7
5942,10001,5
5942,10008,6
5942,10002,3
5943,10007,6
5944,10004,3
5944,10003,4
5945,10004,10
5945,10009,3
5945,10001,8
5945,10008,8
5946,10008,10
5946,10004,3
5946,10003,1
5946,10006,1
5946,10005,8
5946,10010,7
5946,10001,4
5946,10002,5
5947,10002,10
5947,10003,7
5947,10010,6
5947,10004,10
5948,10001,1
5948,10010,3
5948,10009,7
5948,10007,9
5948,10003,1
5948,10005,5
5948,10006,8
5949,10009,9
5949,10003,10
5949,10007,4
5949,10001,3
5949,10002,7
5949,10006,5
5949,10008,2
5949,10005,1
5950,10005,7
5950,10010,6
5950,10004,10
5950,10006,10
5951,10007,6
5951,10001,8
5951,10008,3
5951,10004,1
5951,10002,7
5952,10006,3
5952,10004,8
5953,10010,2
5953,10002,7
5953,10006,6
5953,10004,10
5953,10007,6
5953,10001,2
5953,10008,6
5953,10009,1
5954,10008,6
5955,10009,8
5955,10002,3
5955,10004,10
5955,10008,8
5955,10007,1
5956,10001,10
5956,10006,3
5956,10002,6
5956,10008,7
5956,10003,10
5956,10010,2
5956,10007,5
5956,10009,5
5957,10001,10
5958,10007,4
5958,10008,2
5958,10001,9
5958,10005,10
5958,10003,8
5958,10006,5
5958,10010,3
5959,10010,9
5960,10001,1
5960,10006,4
5960,10008,3
5960,10009,4
5960,10004,4
5960,10010,8
5960,10007,6
5961,10004,6
5961,10002,5
5961,10007,9
5962,10007,2
5962,10004,7
5963,10001,8
5963,10007,2
5963,10005,10
5964,10004,7
5964,10010,9
5964,10008,5
5964,10006,8
5964,10003,8
5964,10009,3
5964,10002,2
5965,10010,1
5965,10008,5
5965,10004,7
5965,10007,7
5966,10006,8
5966,10004,6
5967,10008,7
5967,10004,1
5967,10009,1
5967,10005,1
5967,10006,1
5967,10002,10
5967,10007,3
5967,10001,3
5968,10010,6
5968,10008,9
5968,10001,2
5968,10004,10
5968,10003,4
5968,10009,9
5968,10007,3
5968,10006,8
5969,10009,5
5969,10004,6
5969,10003,3
5969,10005,4
5969,10007,1
5969,10006,1
5969,10002,8
5970,10002,9
5971,10005,10
5971,10003,9
5971,10008,4
5971,10004,2
5971,10006,6
5972,10003,9
5972,10002,10
5972,10008,4
5973,10003,9
5973,10002,7
5973,10008,4
5973,10006,6
5973,10005,1
5973,10009,10
5973,10007,9
5974,10008,6
5974,10009,7
5974,10007,1
5974,10006,10
5975,10009,3
5975,10003,8
5975,10001,7
5976,10002,7
5976,10001,7
5976,10009,2
5976,10004,7
5977,10006,6
5977,10002,2
5977,10007,7
5977,10005,1
5977,10010,6
5978,10008,1
5978,10007,8
5978,10002,3
5978,10006,1
5978,10009,3
5978,10001,9
5978,10003,3
5978,10004,5
5979,10001,4
5980,10006,1
5981,10008,2
5981,10002,2
5981,10001,2
5982,10005,10
5982,10003,10
5982,10007,8
5982,10002,5
5982,10004,8
5982,10001,6
5982,10008,8
5983,10010,3
5983,10009,4
5983,10005,5
5983,10003,2
5983,10008,2
5983,10002,8
5983,10001,6
5983,10007,8
5984,10006,5
5984,10009,9
5984,10010,4
5984,10001,10
5984,10005,5
5984,10003,5
5984,10002,9
5985,10005,8
5985,10008,2
5986,10003,7
5986,10007,2
5986,10010,10
5986,10002,2
5986,10005,2
5987,10006,6
5987,10004,9
5987,10005,10
5987,10009,9
5987,10003,6
5987,10002,2
5987,10001,3
5988,10004,2
5989,10004,10
5989,10008,10
5989,10010,10
5989,10009,3
5989,10007,2
5989,10003,5
5989,10006,2
5990,10010,3
5990,10003,3
5990,10001,9
5990,10005,6
5991,10003,3
5991,10002,7
5991,10007,6
5991,10006,2
5991,10001,5
5991,10004,10
5991,10005,6
5991,10008,6
5992,10004,8
5992,10005,3
5992,10007,2
5992,10001,5
5992,10006,6
5993,10010,4
5993,10001,4
5993,10008,2
5993,10009,5
5994,10006,10
5994,10003,4
5994,10010,1
5994,10001,9
5994,10002,1
5994,10007,6
5994,10004,2
5995,10009,3
5995,10006,6
5995,10007,5
5995,10004,1
5995,10003,10
5995,10010,3
5995,10005,4
5996,10004,9
5996,10008,5
5996,10002,7
5996,10001,4
5997,10005,10
5997,10004,9
5997,10003,5
5997,10002,1
5997,10001,5
5998,10003,7
5998,10009,6
5999,10008,10
6000,10002,4
6000,10007,9
6000,10001,7
6000,10009,8
6001,10001,4
6001,10007,4
6001,10010,5
6001,10009,8
6001,10006,3
6001,10002,5
6001,10004,3
6002,10003,3
6002,10008,7
6002,10009,5
6003,10001,1
6003,10010,1
6003,10002,1
6003,10003,6
6003,10009,10
6003,10004,4
6003,10008,1
6003,10007,6
6004,10003,5
6004,10009,6
6004,10005,7
6004,10001,5
6004,10007,5
6005,10004,1
6006,10002,8
6006,10001,5
6006,10009,6
6007,10006,7
6007,10007,4
6007,10008,8
6007,10003,9
6007,10004,4
6008,10010,1
6008,10001,2
6008,10006,8
6008,10003,6
6009,10004,9
6009,10009,5
6009,10001,4
6009,10008,4
6009,10010,3
6009,10006,3
6009,10007,2
6010,10002,1
6010,10006,9
6011,10010,1
6011,10003,8
6011,10001,3
6011,10009,9
6011,10004,7
6011,10005,2
6011,10002,1
6012,10003,3
6012,10001,8
6012,10010,8
6012,10006,1
6012,10007,9
6012,10009,6
6012,10005,8
6013,10005,5
6013,10002,7
6013,10003,2
6013,10006,5
6014,10007,9
6014,10002,1
6015,10009,1
6015,10004,10
6016,10006,5
6016,10010,1
6016,10002,8
6016,10008,7
6016,10003,1
6016,10001,6
6016,10005,1
6016,10009,9
6017,10004,8
6017,10010,6
6017,10002,2
6017,10003,1
6017,10008,3
6017,10007,3
6017,10006,1
6017,10009,8
6018,10001,1
6018,10004,1
6018,10002,8
6018,10009,6
6018,10006,4
6018,10005,7
6019,10010,10
6019,10009,9
6019,10004,1
6019,10003,6
6019,10002,5
6019,10005,6
6020,10009,10
6021,10001,5
6021,10008,3
6021,10005,7
6022,10003,2
6022,10007,10
6023,10008,3
6023,10002,10
6023,10006,9
6023,10001,9
6023,10007,9
6023,10005,5
6023,10003,1
6023,10009,1
6024,10002,8
6025,10001,3
6025,10010,5
6025,10009,6
6025,10007,9
6025,10005,8
6026,10003,2
6026,10005,6
6026,10006,4
6026,10002,3
6026,10004,5
6027,10002,4
6027,10003,1
6027,10008,7
6027,10001,3
6027,10007,2
6027,10005,8
6028,10004,9
6028,10009,5
6028,10001,6
6028,10003,8
6028,10007,8
6028,10008,6
6029,10005,3
6029,10006,10
6029,10001,8
6029,10004,9
6029,10009,8
6029,10008,8
6029,10002,6
6030,10009,2
6030,10002,9
6030,10005,8
6030,10010,9
6030,10007,10
6030,10004,5
6030,10006,3
6031,10005,10
6031,10008,10
6031,10004,8
6031,10009,10
6031,10001,9
6032,10009,9
6032,10002,4
6032,10006,9
6032,10004,10
6032,10001,9
6033,10008,5
6034,10001,9
6034,10007,6
6035,10002,10
6035,10001,8
6035,10010,2
6035,10007,10
6036,10001,2
6036,10007,3
6036,10005,10
6036,10002,2
6037,10008,3
6037,10006,5
6037,10001,6
6037,10010,7
6037,10005,1
6037,10004,10
6037,10009,9
6037,10003,10
6038,10002,1
6038,10004,6
6038,10009,2
6038,10003,10
6038,10005,6
6038,10006,3
6039,10009,6
6039,10005,7
6039,10002,8
6039,10001,10
6039,10008,4
6040,10010,8
6040,10007,3
6040,10004,2
6040,10003,2
6041,10006,1
6041,10010,3
6041,10003,3
