id,user_id,ordered_at,total
5001,200001,2022-11-13T02:40:46Z,1788
5002,200001,2022-11-14T03:05:39Z,5187
5003,200001,2022-11-14T14:38:49Z,495
5004,200001,2022-11-15T02:13:27Z,9093
5005,200004,2022-11-20T20:47:48Z,4678
5006,200004,2022-11-22T00:27:26Z,3655
5007,200004,2022-11-22T18:47:41Z,4242
5008,200004,2022-11-23T23:02:13Z,4966
5009,200004,2022-11-24T17:59:52Z,7812
5010,200004,2022-11-26T05:34:16Z,5287
5011,200004,2022-11-26T09:53:23Z,1495
5012,200004,2022-11-27T20:53:19Z,1188
5013,200005,2022-11-16T09:51:26Z,6409
5014,200006,2022-11-29T08:35:22Z,990
5015,200006,2022-11-29T11:34:49Z,7580
5016,200006,2022-11-30T06:46:16Z,2207
5017,200006,2022-12-01T14:28:20Z,8200
5018,200006,2022-12-02T01:18:32Z,495
5019,200006,2022-12-02T05:55:28Z,9476
5020,200006,2022-12-03T07:27:12Z,10109
5021,200006,2022-12-04T22:26:01Z,4160
5022,200009,2022-11-21T08:20:34Z,3879
5023,200009,2022-11-21T22:16:07Z,5513
5024,200010,2022-11-21T20:32:35Z,2581
5025,200010,2022-11-22T14:51:40Z,6274
5026,200010,2022-11-23T04:28:29Z,4115
5027,200010,2022-11-23T07:03:57Z,6240
5028,200010,2022-11-25T02:52:56Z,6168
5029,200011,2022-11-12T18:13:29Z,4851
5030,200011,2022-11-14T14:36:08Z,6625
5031,200011,2022-11-15T08:55:26Z,3002
5032,200011,2022-11-17T05:51:31Z,7770
5033,200011,2022-11-18T13:37:48Z,4479
5034,200011,2022-11-19T03:46:17Z,2625
5035,200011,2022-11-19T14:40:12Z,3215
5036,200011,2022-11-20T01:35:58Z,5590
5037,200011,2022-11-21T06:37:01Z,891
5038,200012,2022-11-11T20:03:27Z,4123
5039,200014,2022-11-16T20:39:13Z,5638
5040,200014,2022-11-18T00:09:26Z,4849
5041,200014,2022-11-19T03:28:40Z,893
5042,200014,2022-11-19T13:17:30Z,2588
5043,200014,2022-11-21T06:48:06Z,6999
5044,200014,2022-11-21T21:32:00Z,358
5045,200014,2022-11-23T02:17:27Z,4620
5046,200014,2022-11-23T21:05:40Z,7189
5047,200014,2022-11-24T16:50:02Z,3637
5048,200015,2022-11-22T06:29:12Z,2122
5049,200015,2022-11-23T18:11:12Z,2291
5050,200015,2022-11-25T11:54:40Z,2788
5051,200015,2022-11-25T18:40:26Z,7024
5052,200015,2022-11-27T18:59:54Z,2685
5053,200015,2022-11-29T04:17:28Z,5710
5054,200016,2022-11-08T19:43:14Z,4477
5055,200016,2022-11-10T18:44:32Z,6592
5056,200016,2022-11-10T20:30:50Z,8279
5057,200017,2022-11-03T10:11:55Z,1794
5058,200017,2022-11-04T13:15:53Z,6406
5059,200017,2022-11-05T11:13:25Z,4453
5060,200017,2022-11-06T02:06:42Z,4119
5061,200017,2022-11-06T17:04:43Z,3426
5062,200018,2022-11-13T10:43:01Z,7409
5063,200018,2022-11-13T13:37:26Z,3672
5064,200019,2022-11-10T09:10:51Z,2091
5065,200019,2022-11-10T17:09:03Z,2384
5066,200019,2022-11-11T03:31:19Z,2392
5067,200019,2022-11-11T22:04:41Z,99
5068,200019,2022-11-12T02:40:14Z,6659
5069,200019,2022-11-13T18:08:31Z,6125
5070,200019,2022-11-15T04:03:29Z,1394
5071,200019,2022-11-16T13:33:53Z,3985
5072,200019,2022-11-18T06:05:37Z,6178
5073,200020,2022-11-20T04:25:42Z,2726
5074,200020,2022-11-21T17:14:30Z,6922
5075,200020,2022-11-23T12:43:10Z,1196
5076,200020,2022-11-24T18:16:05Z,6537
5077,200022,2022-11-13T12:33:47Z,2780
5078,200023,2022-11-04T20:15:23Z,3159
5079,200023,2022-11-05T11:00:39Z,716
5080,200023,2022-11-05T22:15:57Z,6930
5081,200023,2022-11-07T20:09:23Z,4186
5082,200023,2022-11-09T07:35:22Z,5394
5083,200023,2022-11-10T19:59:29Z,4777
5084,200023,2022-11-11T19:15:45Z,1408
5085,200023,2022-11-12T07:33:18Z,794
5086,200024,2022-11-16T22:03:48Z,6246
5087,200025,2022-11-16T21:21:54Z,1392
5088,200025,2022-11-17T14:09:56Z,7937
5089,200025,2022-11-18T21:22:57Z,1095
5090,200025,2022-11-19T22:04:28Z,5904
5091,200025,2022-11-21T11:34:34Z,3983
5092,200028,2022-11-16T00:29:49Z,3064
5093,200028,2022-11-16T12:55:40Z,3900
5094,200028,2022-11-18T04:24:43Z,8374
5095,200028,2022-11-19T17:24:06Z,5657
5096,200028,2022-11-19T19:25:13Z,8096
5097,200028,2022-11-21T02:19:01Z,3125
5098,200028,2022-11-22T16:00:14Z,3182
5099,200030,2022-11-11T08:58:14Z,4050
5100,200030,2022-11-12T19:09:56Z,918
5101,200030,2022-11-14T12:40:59Z,5933
5102,200030,2022-11-14T13:45:29Z,1788
5103,200033,2022-11-03T22:33:13Z,6859
5104,200033,2022-11-04T06:21:28Z,6040
5105,200033,2022-11-06T01:42:59Z,1194
5106,200033,2022-11-07T20:51:05Z,900
5107,200034,2022-11-04T10:08:54Z,2673
5108,200034,2022-11-05T08:14:50Z,7404
5109,200034,2022-11-05T23:36:59Z,4816
5110,200034,2022-11-07T10:03:40Z,6894
5111,200035,2022-11-18T15:56:15Z,3060
5112,200035,2022-11-19T23:26:55Z,5464
5113,200035,2022-11-21T22:45:27Z,4065
5114,200035,2022-11-22T21:10:55Z,2951
5115,200035,2022-11-23T18:16:25Z,8568
5116,200037,2022-11-06T05:14:31Z,6390
5117,200038,2022-11-03T23:23:30Z,9259
5118,200038,2022-11-04T21:44:21Z,297
5119,200038,2022-11-06T08:11:56Z,10146
5120,200038,2022-11-08T01:34:32Z,1605
5121,200038,2022-11-09T01:59:01Z,5100
5122,200042,2022-11-14T22:45:42Z,6105
5123,200042,2022-11-16T10:49:19Z,1692
5124,200042,2022-11-16T20:36:10Z,5589
5125,200042,2022-11-17T08:12:18Z,1380
5126,200042,2022-11-19T01:25:32Z,3405
5127,200042,2022-11-19T16:55:12Z,8203
5128,200042,2022-11-21T10:48:10Z,1692
5129,200043,2022-11-07T07:15:00Z,695
5130,200043,2022-11-08T10:39:03Z,3451
5131,200043,2022-11-10T10:47:57Z,8084
5132,200043,2022-11-11T15:11:45Z,6411
5133,200043,2022-11-12T14:45:23Z,4626
5134,200043,2022-11-14T12:01:07Z,4860
5135,200045,2022-11-13T05:16:30Z,1000
5136,200045,2022-11-14T22:45:06Z,1287
5137,200045,2022-11-16T18:47:20Z,7671
5138,200045,2022-11-18T17:37:29Z,5115
5139,200046,2022-11-13T06:24:00Z,3149
5140,200046,2022-11-13T13:23:12Z,2392
5141,200047,2022-11-08T08:04:22Z,398
5142,200047,2022-11-08T22:59:24Z,4841
5143,200047,2022-11-09T10:55:08Z,7851
5144,200047,2022-11-09T13:47:18Z,4589
5145,200047,2022-11-10T02:20:05Z,10497
5146,200047,2022-11-12T01:54:02Z,4293
5147,200048,2022-11-09T01:02:57Z,2744
5148,200048,2022-11-09T09:00:21Z,780
5149,200049,2022-11-21T10:04:46Z,2745
5150,200049,2022-11-21T19:42:37Z,3701
5151,200049,2022-11-23T18:48:01Z,5369
5152,200050,2022-11-19T10:12:46Z,4020
5153,200050,2022-11-21T01:47:53Z,4886
5154,200050,2022-11-22T14:45:42Z,7638
5155,200050,2022-11-23T12:08:09Z,1000
5156,200054,2022-11-08T05:09:33Z,7825
5157,200054,2022-11-09T07:59:45Z,5924
5158,200054,2022-11-10T04:13:16Z,1587
5159,200054,2022-11-11T12:25:32Z,3283
5160,200055,2022-11-03T19:13:02Z,4494
5161,200055,2022-11-04T08:13:34Z,795
5162,200055,2022-11-04T14:17:55Z,1091
5163,200055,2022-11-05T19:09:56Z,2464
5164,200055,2022-11-07T10:50:07Z,6259
5165,200055,2022-11-08T14:38:24Z,6209
5166,200055,2022-11-09T07:29:16Z,2494
5167,200055,2022-11-10T08:31:12Z,8237
5168,200055,2022-11-11T23:39:47Z,3145
5169,200056,2022-11-18T06:44:45Z,8017
5170,200056,2022-11-18T16:04:00Z,1592
5171,200056,2022-11-20T03:47:40Z,1470
5172,200056,2022-11-21T14:50:49Z,2987
5173,200058,2022-11-13T04:48:42Z,7543
5174,200058,2022-11-15T01:39:17Z,4978
5175,200058,2022-11-15T08:55:04Z,8395
5176,200062,2022-11-07T13:14:54Z,900
5177,200062,2022-11-08T21:31:18Z,4677
5178,200062,2022-11-10T16:12:27Z,10890
5179,200064,2022-11-16T18:17:50Z,7436
5180,200064,2022-11-17T03:08:36Z,8101
5181,200064,2022-11-17T11:59:12Z,2485
5182,200064,2022-11-18T09:51:29Z,2626
5183,200064,2022-11-19T00:24:31Z,5061
5184,200064,2022-11-19T14:30:50Z,318
5185,200064,2022-11-21T15:28:47Z,1590
5186,200064,2022-11-22T13:26:46Z,5362
5187,200065,2022-11-15T16:53:52Z,1253
5188,200065,2022-11-16T10:14:49Z,4174
5189,200065,2022-11-17T00:48:14Z,2051
5190,200065,2022-11-17T17:31:04Z,7205
5191,200065,2022-11-19T04:09:47Z,2688
5192,200065,2022-11-21T00:23:58Z,179
5193,200065,2022-11-22T13:12:25Z,4049
5194,200067,2022-11-14T23:53:38Z,792
5195,200067,2022-11-16T02:56:33Z,4176
5196,200067,2022-11-16T07:41:23Z,6227
5197,200067,2022-11-18T03:26:44Z,1786
5198,200067,2022-11-18T07:51:34Z,4418
5199,200067,2022-11-19T11:26:19Z,2863
5200,200068,2022-11-14T11:21:38Z,537
5201,200068,2022-11-14T22:37:25Z,3084
5202,200068,2022-11-16T23:27:28Z,598
5203,200068,2022-11-18T23:55:36Z,7741
5204,200068,2022-11-19T23:01:57Z,3897
5205,200070,2022-11-08T10:14:59Z,6139
5206,200070,2022-11-10T08:07:55Z,5949
5207,200070,2022-11-11T13:14:55Z,1386
5208,200070,2022-11-12T14:49:45Z,792
5209,200070,2022-11-14T06:39:51Z,3958
5210,200070,2022-11-15T12:07:54Z,10112
5211,200070,2022-11-15T23:42:40Z,3352
5212,200071,2022-11-09T14:30:05Z,4016
5213,200071,2022-11-10T14:59:15Z,5143
5214,200071,2022-11-12T14:23:38Z,8678
5215,200071,2022-11-12T20:56:58Z,1113
5216,200071,2022-11-14T04:58:58Z,4280
5217,200071,2022-11-14T19:48:19Z,9048
5218,200071,2022-11-16T01:03:16Z,297
5219,200071,2022-11-17T08:16:02Z,8455
5220,200072,2022-11-07T23:25:16Z,5494
5221,200072,2022-11-08T11:33:18Z,2093
5222,200072,2022-11-09T20:55:04Z,2432
5223,200073,2022-11-17T23:37:01Z,7605
5224,200073,2022-11-18T19:09:39Z,6508
5225,200073,2022-11-20T14:12:04Z,3843
5226,200073,2022-11-20T21:40:28Z,3761
5227,200073,2022-11-22T15:18:49Z,975
5228,200073,2022-11-23T09:14:06Z,5414
5229,200073,2022-11-23T13:37:24Z,5146
5230,200074,2022-11-06T09:31:40Z,1485
5231,200074,2022-11-08T09:42:54Z,4271
5232,200074,2022-11-09T11:34:54Z,2689
5233,200074,2022-11-10T10:52:01Z,1950
5234,200074,2022-11-11T17:07:24Z,5577
5235,200074,2022-11-12T17:56:39Z,498
5236,200074,2022-11-13T23:14:38Z,6056
5237,200075,2022-11-10T13:45:55Z,995
5238,200075,2022-11-10T19:25:27Z,3684
5239,200075,2022-11-11T05:54:51Z,2093
5240,200075,2022-11-11T17:21:32Z,5774
5241,200075,2022-11-11T20:35:48Z,5861
5242,200076,2022-11-08T13:09:52Z,7292
5243,200076,2022-11-09T04:33:21Z,516
5244,200076,2022-11-10T00:38:51Z,1074
5245,200076,2022-11-10T09:54:45Z,8218
5246,200077,2022-11-12T12:31:28Z,891
5247,200077,2022-11-14T02:34:38Z,3233
5248,200077,2022-11-14T06:26:36Z,1253
5249,200077,2022-11-14T19:31:55Z,1295
5250,200079,2022-11-11T14:33:52Z,99
5251,200079,2022-11-12T15:14:04Z,5416
5252,200079,2022-11-13T04:06:06Z,6287
5253,200080,2022-11-06T03:54:51Z,4047
5254,200080,2022-11-07T01:13:23Z,3730
5255,200080,2022-11-07T22:42:15Z,2607
5256,200080,2022-11-09T15:15:48Z,6487
5257,200080,2022-11-11T12:53:00Z,7034
5258,200080,2022-11-13T00:53:58Z,8960
5259,200081,2022-11-03T10:43:50Z,6157
5260,200082,2022-11-12T20:36:24Z,1092
5261,200083,2022-11-04T10:30:37Z,2702
5262,200083,2022-11-05T03:53:29Z,990
5263,200083,2022-11-07T03:05:47Z,1845
5264,200083,2022-11-07T13:35:26Z,398
5265,200083,2022-11-07T17:18:03Z,7529
5266,200083,2022-11-08T05:36:40Z,3595
5267,200083,2022-11-09T09:59:40Z,6907
5268,200083,2022-11-10T22:37:23Z,4737
5269,200084,2022-11-10T06:14:57Z,2283
5270,200084,2022-11-11T22:53:28Z,495
5271,200085,2022-11-22T10:57:13Z,5310
5272,200085,2022-11-23T03:57:24Z,7859
5273,200085,2022-11-24T06:35:23Z,4970
5274,200086,2022-11-14T21:44:55Z,10642
5275,200086,2022-11-15T07:37:21Z,6786
5276,200086,2022-11-16T10:13:26Z,1560
5277,200086,2022-11-16T16:32:01Z,1188
5278,200086,2022-11-18T01:44:34Z,1467
5279,200086,2022-11-19T09:20:23Z,5776
5280,200086,2022-11-19T12:06:40Z,9035
5281,200086,2022-11-21T11:16:52Z,3664
5282,200086,2022-11-22T05:11:34Z,5916
5283,200088,2022-11-12T11:06:38Z,994
5284,200088,2022-11-14T08:48:57Z,8835
5285,200088,2022-11-15T17:30:46Z,3601
5286,200088,2022-11-16T20:03:55Z,4260
5287,200088,2022-11-18T19:55:28Z,5914
5288,200088,2022-11-19T01:10:07Z,1794
5289,200088,2022-11-19T07:25:27Z,594
5290,200089,2022-11-11T00:10:50Z,800
5291,200089,2022-11-12T04:35:26Z,2049
5292,200089,2022-11-13T14:17:33Z,4962
5293,200089,2022-11-14T23:47:44Z,6018
5294,200089,2022-11-15T09:34:57Z,786
5295,200089,2022-11-17T06:14:22Z,5377
5296,200089,2022-11-17T10:43:04Z,3384
5297,200089,2022-11-19T08:50:23Z,8485
5298,200091,2022-11-05T22:01:41Z,2188
5299,200091,2022-11-06T23:24:51Z,2458
5300,200091,2022-11-08T02:05:30Z,1074
5301,200091,2022-11-10T00:05:02Z,7702
5302,200092,2022-11-20T12:12:04Z,4705
5303,200092,2022-11-20T18:15:03Z,5736
5304,200094,2022-11-02T21:28:20Z,594
5305,200094,2022-11-04T09:56:22Z,2050
5306,200094,2022-11-05T12:59:37Z,2987
5307,200094,2022-11-05T14:05:37Z,5971
5308,200095,2022-11-09T22:26:31Z,3721
5309,200095,2022-11-10T07:12:13Z,1170
5310,200095,2022-11-12T01:39:17Z,400
5311,200095,2022-11-12T18:24:45Z,672
5312,200095,2022-11-14T03:56:46Z,7512
5313,200096,2022-11-06T16:52:32Z,6235
5314,200098,2022-11-09T18:12:40Z,3400
5315,200098,2022-11-10T21:00:21Z,891
5316,200098,2022-11-11T09:08:12Z,2574
5317,200098,2022-11-12T11:09:12Z,4515
5318,200098,2022-11-13T21:21:03Z,7225
5319,200098,2022-11-13T23:34:21Z,9248
5320,200099,2022-11-09T22:01:04Z,4281
5321,200099,2022-11-10T06:53:35Z,3099
5322,200099,2022-11-11T06:49:01Z,2093
5323,200099,2022-11-13T02:49:18Z,2392
5324,200099,2022-11-14T15:44:37Z,7957
5325,200099,2022-11-16T11:53:22Z,3735
5326,200099,2022-11-17T00:03:02Z,6847
5327,200099,2022-11-17T11:24:39Z,4600
5328,200099,2022-11-17T18:20:51Z,5359
5329,200102,2022-11-06T07:16:39Z,3188
5330,200102,2022-11-07T18:46:16Z,2865
5331,200104,2022-11-14T20:38:23Z,5390
5332,200105,2022-11-02T20:38:03Z,1086
5333,200105,2022-11-03T15:21:27Z,2588
5334,200105,2022-11-04T13:33:33Z,4498
5335,200105,2022-11-05T11:50:12Z,5968
5336,200105,2022-11-06T16:33:49Z,1848
5337,200105,2022-11-06T18:28:03Z,4969
5338,200105,2022-11-07T08:05:41Z,100
5339,200105,2022-11-07T10:39:57Z,4982
5340,200105,2022-11-07T11:58:32Z,7309
5341,200108,2022-11-04T01:07:53Z,10122
5342,200108,2022-11-05T11:56:13Z,4178
5343,200108,2022-11-05T17:08:22Z,7346
5344,200108,2022-11-06T07:42:33Z,879
5345,200108,2022-11-07T01:38:02Z,4304
5346,200108,2022-11-07T20:34:04Z,2196
5347,200108,2022-11-09T14:36:20Z,1794
5348,200108,2022-11-09T20:11:35Z,5268
5349,200108,2022-11-10T02:54:06Z,2093
5350,200109,2022-11-08T16:40:56Z,6366
5351,200109,2022-11-09T04:38:10Z,2492
5352,200109,2022-11-09T11:39:38Z,3284
5353,200109,2022-11-09T20:31:42Z,1588
5354,200110,2022-11-06T23:31:40Z,7724
5355,200110,2022-11-07T13:33:27Z,6089
5356,200110,2022-11-09T04:26:31Z,3879
5357,200110,2022-11-09T18:11:14Z,2589
5358,200110,2022-11-11T01:05:30Z,5942
5359,200110,2022-11-11T12:45:57Z,2280
5360,200110,2022-11-12T12:23:50Z,2189
5361,200111,2022-11-11T08:23:58Z,3143
5362,200111,2022-11-11T09:55:17Z,3861
5363,200111,2022-11-11T23:14:27Z,5563
5364,200111,2022-11-13T09:31:14Z,1864
5365,200111,2022-11-15T00:52:40Z,4938
5366,200111,2022-11-15T13:30:41Z,5706
5367,200111,2022-11-17T04:24:39Z,5955
5368,200111,2022-11-19T03:16:52Z,1782
5369,200111,2022-11-19T06:03:58Z,1113
5370,200115,2022-11-14T22:57:26Z,7945
5371,200115,2022-11-16T01:35:35Z,6183
5372,200115,2022-11-16T17:11:01Z,3715
5373,200116,2022-11-15T06:46:23Z,4171
5374,200116,2022-11-16T15:16:49Z,3324
5375,200116,2022-11-18T01:04:47Z,4347
5376,200116,2022-11-18T22:35:59Z,2425
5377,200116,2022-11-20T14:10:02Z,4009
5378,200116,2022-11-22T14:46:19Z,4354
5379,200116,2022-11-24T01:05:07Z,2966
5380,200116,2022-11-25T20:24:24Z,6046
5381,200116,2022-11-26T07:01:39Z,600
5382,200117,2022-11-11T23:45:01Z,5089
5383,200117,2022-11-13T05:49:25Z,2984
5384,200117,2022-11-14T14:26:45Z,3597
5385,200117,2022-11-15T22:28:03Z,2446
5386,200117,2022-11-17T07:19:06Z,3377
5387,200117,2022-11-17T22:52:49Z,3485
5388,200117,2022-11-18T13:31:54Z,1830
5389,200117,2022-11-19T22:35:19Z,6658
5390,200117,2022-11-20T12:44:22Z,195
5391,200118,2022-11-07T10:48:43Z,800
5392,200118,2022-11-08T11:23:57Z,6925
5393,200118,2022-11-10T11:28:52Z,5610
5394,200118,2022-11-11T12:53:54Z,954
5395,200118,2022-11-13T09:42:39Z,297
5396,200118,2022-11-14T16:28:57Z,6441
5397,200119,2022-11-22T07:36:44Z,7976
5398,200119,2022-11-23T12:53:31Z,4674
5399,200119,2022-11-23T17:49:38Z,7131
5400,200119,2022-11-24T13:07:27Z,8552
5401,200119,2022-11-26T03:31:25Z,5851
5402,200119,2022-11-26T08:12:39Z,6591
5403,200119,2022-11-26T17:12:14Z,3666
5404,200119,2022-11-27T18:55:14Z,5003
5405,200120,2022-11-21T04:59:19Z,3585
5406,200120,2022-11-22T14:29:09Z,6250
5407,200120,2022-11-24T01:54:00Z,7047
5408,200120,2022-11-24T07:37:49Z,2892
5409,200120,2022-11-25T07:00:56Z,5494
5410,200121,2022-11-19T03:35:45Z,4990
5411,200121,2022-11-19T10:43:01Z,6476
5412,200121,2022-11-20T14:14:17Z,6597
5413,200125,2022-11-17T15:27:50Z,2545
5414,200125,2022-11-19T04:06:31Z,4519
5415,200125,2022-11-20T10:14:20Z,780
5416,200125,2022-11-22T09:48:28Z,2067
5417,200125,2022-11-22T19:51:48Z,3189
5418,200125,2022-11-24T14:31:58Z,4711
5419,200125,2022-11-24T17:23:32Z,2651
5420,200125,2022-11-25T02:44:09Z,4172
5421,200126,2022-11-21T22:13:17Z,5317
5422,200126,2022-11-23T23:07:46Z,9155
5423,200127,2022-11-10T04:24:38Z,2385
5424,200127,2022-11-10T10:45:24Z,934
5425,200128,2022-11-12T20:52:57Z,9409
5426,200128,2022-11-14T04:08:43Z,2936
5427,200128,2022-11-15T17:06:57Z,495
5428,200128,2022-11-15T20:47:35Z,6793
5429,200128,2022-11-16T06:50:44Z,1585
5430,200130,2022-11-26T04:26:25Z,3735
5431,200130,2022-11-26T09:23:19Z,3580
5432,200130,2022-11-27T14:55:26Z,3582
5433,200130,2022-11-27T17:24:25Z,5176
5434,200130,2022-11-28T12:03:22Z,3296
5435,200130,2022-11-29T10:56:57Z,5939
5436,200130,2022-11-30T17:06:20Z,1170
5437,200131,2022-11-20T10:43:43Z,6908
5438,200131,2022-11-21T17:42:55Z,7079
5439,200131,2022-11-22T08:55:55Z,2585
5440,200131,2022-11-23T07:52:06Z,1443
5441,200131,2022-11-23T18:00:37Z,3997
5442,200131,2022-11-24T17:40:27Z,5762
5443,200133,2022-11-17T10:04:54Z,2524
5444,200133,2022-11-17T11:52:32Z,2867
5445,200136,2022-11-17T04:28:36Z,6851
5446,200136,2022-11-18T10:12:12Z,4340
5447,200136,2022-11-18T15:13:01Z,4236
5448,200136,2022-11-19T10:08:38Z,6541
5449,200136,2022-11-20T19:43:44Z,2388
5450,200136,2022-11-21T15:14:24Z,396
5451,200136,2022-11-22T05:25:07Z,7971
5452,200136,2022-11-24T02:51:52Z,2628
5453,200138,2022-11-15T07:01:08Z,2586
5454,200138,2022-11-16T14:36:14Z,6159
5455,200138,2022-11-17T12:33:05Z,594
5456,200139,2022-11-14T13:28:49Z,2380
5457,200139,2022-11-16T10:20:05Z,5250
5458,200139,2022-11-17T07:45:46Z,4968
5459,200139,2022-11-18T13:53:43Z,6050
5460,200139,2022-11-19T20:13:29Z,5569
5461,200139,2022-11-21T20:25:11Z,693
5462,200141,2022-11-25T02:54:35Z,2581
5463,200141,2022-11-25T13:12:34Z,2558
5464,200141,2022-11-26T10:19:02Z,3774
5465,200142,2022-11-14T03:13:17Z,3085
5466,200142,2022-11-14T16:36:31Z,390
5467,200142,2022-11-15T20:55:46Z,7174
5468,200142,2022-11-16T15:44:16Z,5158
5469,200142,2022-11-16T23:45:28Z,4073
5470,200142,2022-11-18T02:56:56Z,4670
5471,200142,2022-11-19T14:55:43Z,7668
5472,200142,2022-11-21T12:07:07Z,3441
5473,200143,2022-11-16T02:19:41Z,1489
5474,200143,2022-11-16T04:48:22Z,990
5475,200143,2022-11-16T15:44:55Z,795
5476,200143,2022-11-17T14:08:57Z,6191
5477,200144,2022-11-27T02:07:18Z,1215
5478,200144,2022-11-27T14:12:39Z,3781
5479,200144,2022-11-28T04:18:59Z,2527
5480,200144,2022-11-29T20:11:43Z,5582
5481,200148,2022-11-15T00:30:57Z,3425
5482,200148,2022-11-15T03:14:09Z,4485
5483,200149,2022-11-16T07:22:27Z,3409
5484,200149,2022-11-17T11:25:06Z,7944
5485,200149,2022-11-19T11:38:59Z,6031
5486,200149,2022-11-21T08:33:02Z,200
5487,200149,2022-11-22T10:15:41Z,5494
5488,200150,2022-11-15T02:57:37Z,6267
5489,200150,2022-11-15T15:07:02Z,995
5490,200150,2022-11-17T00:40:04Z,3358
5491,200150,2022-11-18T07:38:39Z,2786
5492,200150,2022-11-20T04:39:23Z,4735
5493,200150,2022-11-21T10:49:06Z,792
5494,200151,2022-11-06T06:47:04Z,7916
5495,200151,2022-11-06T14:40:34Z,5395
5496,200151,2022-11-08T00:16:10Z,2988
5497,200151,2022-11-09T20:33:18Z,3353
5498,200151,2022-11-09T23:11:36Z,1629
5499,200151,2022-11-11T07:13:16Z,5158
5500,200151,2022-11-11T15:42:53Z,3298
5501,200152,2022-11-07T09:32:09Z,5403
5502,200152,2022-11-08T22:07:59Z,300
5503,200152,2022-11-10T14:33:16Z,4083
5504,200152,2022-11-10T21:38:31Z,2392
5505,200152,2022-11-11T17:30:40Z,358
5506,200152,2022-11-12T11:37:47Z,2630
5507,200153,2022-11-06T10:05:00Z,6848
5508,200153,2022-11-08T08:03:42Z,5953
5509,200153,2022-11-08T19:34:48Z,5084
5510,200155,2022-11-19T03:55:19Z,3883
5511,200155,2022-11-20T07:23:28Z,9312
5512,200155,2022-11-20T10:05:53Z,598
5513,200155,2022-11-21T02:23:57Z,3083
5514,200155,2022-11-21T17:08:05Z,2990
5515,200155,2022-11-23T16:20:51Z,5555
5516,200155,2022-11-24T04:07:52Z,6268
5517,200155,2022-11-25T09:24:23Z,4373
5518,200156,2022-11-10T20:47:41Z,7726
5519,200156,2022-11-10T22:30:17Z,596
5520,200156,2022-11-11T06:17:46Z,9923
5521,200156,2022-11-12T00:21:15Z,2646
5522,200157,2022-11-08T18:43:49Z,4936
5523,200157,2022-11-09T15:32:34Z,3361
5524,200157,2022-11-09T17:05:09Z,7564
5525,200157,2022-11-10T21:30:34Z,4428
5526,200157,2022-11-12T12:56:48Z,5485
5527,200157,2022-11-14T00:59:39Z,6908
5528,200157,2022-11-16T00:17:06Z,2390
5529,200158,2022-11-20T16:25:29Z,1654
5530,200159,2022-11-16T03:42:09Z,5240
5531,200159,2022-11-16T17:37:33Z,1253
5532,200159,2022-11-17T22:51:14Z,6029
5533,200159,2022-11-19T15:51:26Z,3256
5534,200159,2022-11-21T11:43:49Z,2104
5535,200160,2022-11-18T18:11:37Z,7927
5536,200160,2022-11-19T02:31:25Z,1090
5537,200160,2022-11-20T14:56:15Z,3887
5538,200160,2022-11-21T11:27:47Z,4879
5539,200160,2022-11-23T00:19:38Z,2885
5540,200160,2022-11-24T22:31:28Z,992
5541,200160,2022-11-25T23:26:49Z,4777
5542,200160,2022-11-26T01:53:15Z,1755
5543,200163,2022-11-18T13:00:50Z,5571
5544,200163,2022-11-19T10:04:19Z,8270
5545,200164,2022-11-18T19:29:24Z,5147
5546,200164,2022-11-19T12:07:06Z,5300
5547,200164,2022-11-21T00:09:33Z,8309
5548,200164,2022-11-22T04:39:37Z,4565
5549,200165,2022-11-05T00:37:08Z,7026
5550,200165,2022-11-05T13:18:15Z,2927
5551,200165,2022-11-06T05:19:41Z,7980
5552,200165,2022-11-06T21:40:06Z,2304
5553,200165,2022-11-07T00:47:18Z,5680
5554,200165,2022-11-07T21:50:40Z,891
5555,200165,2022-11-09T05:32:43Z,3439
5556,200165,2022-11-10T19:00:22Z,4093
5557,200167,2022-11-06T03:00:24Z,6775
5558,200167,2022-11-06T04:48:16Z,4914
5559,200167,2022-11-07T06:09:01Z,8038
5560,200167,2022-11-08T05:29:07Z,9213
5561,200167,2022-11-08T16:09:39Z,1000
5562,200167,2022-11-10T06:11:01Z,4278
5563,200168,2022-11-10T04:36:56Z,4594
5564,200168,2022-11-11T05:05:47Z,3842
5565,200168,2022-11-12T22:11:46Z,7179
5566,200168,2022-11-14T00:57:30Z,1792
5567,200168,2022-11-14T21:02:57Z,10748
5568,200168,2022-11-16T03:56:25Z,8811
5569,200169,2022-11-12T01:53:25Z,2071
5570,200169,2022-11-12T23:03:58Z,3715
5571,200169,2022-11-14T07:22:10Z,2502
5572,200169,2022-11-14T22:01:40Z,2460
5573,200169,2022-11-15T16:51:40Z,6463
5574,200169,2022-11-16T16:52:27Z,7441
5575,200169,2022-11-18T01:19:29Z,9331
5576,200170,2022-11-16T20:54:54Z,2676
5577,200170,2022-11-16T23:05:24Z,7180
5578,200170,2022-11-18T18:32:57Z,1592
5579,200172,2022-11-10T02:33:30Z,396
5580,200173,2022-11-19T11:15:38Z,6920
5581,200173,2022-11-21T09:51:00Z,8310
5582,200173,2022-11-22T21:19:21Z,3381
5583,200173,2022-11-23T10:18:32Z,1691
5584,200173,2022-11-24T16:52:35Z,1690
5585,200173,2022-11-26T05:21:39Z,4677
5586,200174,2022-11-19T07:06:52Z,5462
5587,200174,2022-11-20T10:19:01Z,900
5588,200174,2022-11-21T21:35:35Z,2468
5589,200174,2022-11-22T12:41:58Z,1386
5590,200174,2022-11-24T09:56:12Z,5151
5591,200174,2022-11-25T13:31:43Z,990
5592,200176,2022-11-18T18:55:00Z,1794
5593,200176,2022-11-20T06:28:16Z,1428
5594,200176,2022-11-21T17:27:16Z,2624
5595,200176,2022-11-22T07:01:42Z,7400
5596,200176,2022-11-22T20:22:37Z,5558
5597,200176,2022-11-23T08:14:35Z,4387
5598,200176,2022-11-23T14:19:29Z,7442
5599,200176,2022-11-25T08:15:30Z,6981
5600,200179,2022-11-20T16:24:03Z,7984
5601,200179,2022-11-21T03:32:40Z,3664
5602,200179,2022-11-21T04:44:44Z,9223
5603,200179,2022-11-21T16:52:44Z,5085
5604,200179,2022-11-22T17:36:04Z,5904
5605,200179,2022-11-24T06:25:59Z,3618
5606,200179,2022-11-26T01:31:55Z,2691
5607,200179,2022-11-27T10:50:09Z,3437
5608,200180,2022-11-04T12:20:53Z,2262
5609,200180,2022-11-05T10:29:16Z,7195
5610,200181,2022-11-16T04:36:51Z,2449
5611,200181,2022-11-18T04:59:25Z,1950
5612,200181,2022-11-18T11:11:54Z,1590
5613,200181,2022-11-20T00:31:29Z,2821
5614,200182,2022-11-09T00:52:25Z,1591
5615,200182,2022-11-10T19:03:00Z,5204
5616,200182,2022-11-11T07:55:16Z,5174
5617,200182,2022-11-12T22:14:15Z,5080
5618,200182,2022-11-13T01:41:46Z,5568
5619,200182,2022-11-14T11:15:10Z,9170
5620,200182,2022-11-15T00:43:36Z,6147
5621,200183,2022-11-06T02:26:27Z,10311
5622,200183,2022-11-07T19:17:33Z,1668
5623,200183,2022-11-07T22:16:39Z,4776
5624,200183,2022-11-09T02:58:45Z,5189
5625,200183,2022-11-10T11:33:47Z,5684
5626,200183,2022-11-12T00:57:20Z,5613
5627,200183,2022-11-13T13:43:44Z,1611
5628,200183,2022-11-14T05:34:43Z,3673
5629,200183,2022-11-16T03:59:57Z,4255
5630,200184,2022-11-10T22:44:10Z,6646
5631,200184,2022-11-11T02:01:29Z,2691
5632,200187,2022-11-19T05:08:03Z,5035
5633,200187,2022-11-21T01:11:39Z,6449
5634,200187,2022-11-22T21:22:26Z,1789
5635,200187,2022-11-24T03:39:00Z,5902
5636,200187,2022-11-25T08:19:59Z,2641
5637,200188,2022-11-22T05:23:19Z,2765
5638,200188,2022-11-23T21:28:51Z,5050
5639,200188,2022-11-25T03:42:50Z,1194
5640,200188,2022-11-25T05:11:54Z,1553
5641,200190,2022-11-14T17:36:42Z,1196
5642,200190,2022-11-16T18:35:04Z,795
5643,200190,2022-11-17T09:20:28Z,3064
5644,200190,2022-11-17T20:52:45Z,4629
5645,200190,2022-11-18T14:20:13Z,4839
5646,200191,2022-11-04T19:00:30Z,2088
5647,200191,2022-11-05T11:50:57Z,3378
5648,200191,2022-11-06T12:23:21Z,8001
5649,200191,2022-11-07T08:40:07Z,2652
5650,200191,2022-11-07T14:26:28Z,6153
5651,200193,2022-11-28T16:48:48Z,297
5652,200193,2022-11-30T13:19:15Z,4319
5653,200193,2022-12-01T17:37:02Z,6332
5654,200193,2022-12-02T04:47:55Z,4006
5655,200193,2022-12-02T08:46:19Z,636
5656,200193,2022-12-03T11:14:14Z,1588
5657,200193,2022-12-05T02:54:28Z,7659
5658,200193,2022-12-06T16:02:32Z,2570
5659,200193,2022-12-07T20:38:41Z,2781
5660,200194,2022-11-20T10:44:00Z,1983
5661,200194,2022-11-20T21:26:14Z,3788
5662,200194,2022-11-21T05:18:49Z,6312
5663,200194,2022-11-21T09:52:05Z,7070
5664,200194,2022-11-22T02:46:25Z,3199
5665,200195,2022-11-18T19:22:07Z,792
5666,200195,2022-11-18T20:33:00Z,4951
5667,200195,2022-11-20T17:13:44Z,3064
5668,200195,2022-11-21T22:07:33Z,4325
5669,200196,2022-11-16T04:04:28Z,1034
5670,200196,2022-11-16T07:48:04Z,598
5671,200196,2022-11-18T07:07:33Z,2917
5672,200196,2022-11-19T22:03:05Z,4574
5673,200196,2022-11-21T17:44:05Z,9191
5674,200196,2022-11-22T05:35:08Z,1074
5675,200196,2022-11-23T22:38:30Z,4479
5676,200196,2022-11-25T16:26:03Z,6991
5677,200196,2022-11-27T09:32:10Z,3984
5678,200198,2022-11-06T22:23:19Z,2187
5679,200199,2022-11-17T07:50:36Z,1194
5680,200199,2022-11-18T14:17:56Z,4383
5681,200199,2022-11-19T20:39:34Z,1092
5682,200199,2022-11-21T09:51:52Z,9956
5683,200199,2022-11-21T18:25:49Z,3517
5684,200199,2022-11-22T05:08:28Z,4181
5685,200199,2022-11-23T03:06:54Z,1365
5686,200201,2022-11-22T15:59:58Z,7743
5687,200201,2022-11-23T06:06:03Z,5541
5688,200201,2022-11-23T14:11:00Z,4281
5689,200201,2022-11-23T18:16:02Z,7245
5690,200201,2022-11-24T23:15:04Z,6488
5691,200201,2022-11-25T11:15:43Z,3972
5692,200201,2022-11-26T14:03:19Z,6365
5693,200201,2022-11-27T14:08:38Z,1489
5694,200202,2022-11-11T04:40:49Z,1365
5695,200202,2022-11-13T03:13:18Z,3464
5696,200202,2022-11-13T11:27:43Z,6370
5697,200202,2022-11-15T04:53:58Z,3725
5698,200202,2022-11-16T01:30:16Z,6008
5699,200204,2022-11-12T15:34:18Z,7924
5700,200204,2022-11-13T09:18:18Z,7260
5701,200205,2022-11-08T22:55:12Z,5335
5702,200205,2022-11-09T21:14:27Z,7263
5703,200205,2022-11-10T12:19:58Z,4214
5704,200205,2022-11-12T04:15:00Z,5015
5705,200205,2022-11-12T22:34:50Z,2582
5706,200205,2022-11-14T18:27:07Z,3339
5707,200207,2022-11-12T19:31:47Z,2846
5708,200207,2022-11-14T08:32:17Z,6641
5709,200207,2022-11-15T19:13:47Z,3125
5710,200207,2022-11-17T09:18:13Z,6704
5711,200207,2022-11-19T05:48:44Z,6672
5712,200207,2022-11-21T06:08:58Z,6289
5713,200208,2022-11-13T09:48:49Z,3386
5714,200208,2022-11-15T03:11:46Z,3064
5715,200208,2022-11-15T23:49:11Z,7316
5716,200208,2022-11-17T09:09:48Z,1390
5717,200208,2022-11-18T23:29:36Z,4655
5718,200208,2022-11-20T21:43:11Z,3518
5719,200208,2022-11-22T06:50:43Z,3346
5720,200208,2022-11-24T01:34:20Z,5536
5721,200210,2022-11-06T21:15:54Z,6940
5722,200210,2022-11-07T09:55:22Z,9391
5723,200210,2022-11-08T18:45:55Z,195
5724,200210,2022-11-09T00:31:03Z,1287
5725,200210,2022-11-11T00:38:11Z,3251
5726,200211,2022-11-17T13:23:12Z,6544
5727,200211,2022-11-19T05:18:24Z,7348
5728,200211,2022-11-19T08:46:44Z,1137
5729,200211,2022-11-21T00:23:42Z,6922
5730,200211,2022-11-21T14:32:33Z,1892
5731,200211,2022-11-23T08:32:35Z,8164
5732,200211,2022-11-24T14:35:49Z,1965
5733,200212,2022-11-08T00:15:28Z,2797
5734,200212,2022-11-09T12:06:14Z,398
5735,200212,2022-11-10T17:39:59Z,3798
5736,200212,2022-11-11T09:52:44Z,2163
5737,200212,2022-11-11T13:26:36Z,6921
5738,200213,2022-11-18T00:15:53Z,693
5739,200213,2022-11-19T10:30:08Z,8440
5740,200213,2022-11-21T00:54:43Z,11726
5741,200213,2022-11-21T16:43:20Z,6763
5742,200213,2022-11-23T05:44:13Z,1495
5743,200213,2022-11-24T01:35:00Z,4571
5744,200213,2022-11-25T03:57:17Z,6767
5745,200217,2022-11-20T04:18:01Z,2155
5746,200217,2022-11-20T05:53:55Z,4283
5747,200217,2022-11-20T23:28:56Z,4009
5748,200217,2022-11-22T21:27:21Z,6214
5749,200217,2022-11-24T06:19:11Z,990
5750,200217,2022-11-25T11:52:44Z,3280
5751,200217,2022-11-25T18:40:39Z,792
5752,200217,2022-11-27T08:32:31Z,4892
5753,200218,2022-11-20T06:25:21Z,4372
5754,200218,2022-11-21T13:23:33Z,895
5755,200218,2022-11-21T21:33:39Z,6502
5756,200218,2022-11-23T19:33:44Z,4287
5757,200218,2022-11-25T17:32:00Z,2609
5758,200218,2022-11-27T06:30:37Z,7598
5759,200218,2022-11-27T21:09:18Z,2311
5760,200218,2022-11-28T22:46:43Z,1987
5761,200218,2022-11-29T11:24:19Z,6961
5762,200219,2022-11-18T16:21:52Z,3945
5763,200219,2022-11-19T11:09:48Z,8301
5764,200220,2022-11-11T11:46:46Z,7165
5765,200221,2022-11-14T06:39:37Z,10272
5766,200221,2022-11-14T15:44:49Z,6257
5767,200221,2022-11-16T03:22:54Z,6644
5768,200222,2022-11-13T15:34:39Z,4089
5769,200222,2022-11-14T13:56:01Z,1170
5770,200222,2022-11-16T11:16:22Z,5475
5771,200222,2022-11-18T00:26:32Z,2355
5772,200222,2022-11-19T22:09:51Z,3302
5773,200222,2022-11-20T15:54:18Z,5314
5774,200222,2022-11-21T00:27:23Z,3120
5775,200223,2022-11-15T02:51:53Z,199
5776,200223,2022-11-15T20:08:48Z,598
5777,200223,2022-11-16T15:06:31Z,599
5778,200224,2022-11-15T05:17:50Z,5961
5779,200224,2022-11-17T02:05:04Z,1794
5780,200224,2022-11-18T17:16:12Z,895
5781,200224,2022-11-19T19:49:54Z,3981
5782,200224,2022-11-21T04:03:52Z,7816
5783,200224,2022-11-21T08:02:20Z,4298
5784,200225,2022-11-11T22:36:48Z,2186
5785,200225,2022-11-13T14:04:59Z,7124
5786,200225,2022-11-13T21:03:24Z,2959
5787,200228,2022-11-26T15:16:22Z,7428
5788,200228,2022-11-28T08:11:13Z,500
5789,200228,2022-11-30T06:23:14Z,693
5790,200230,2022-11-16T18:55:40Z,6409
5791,200230,2022-11-18T04:21:01Z,6568
5792,200230,2022-11-18T07:54:46Z,2349
5793,200230,2022-11-19T22:11:05Z,1790
5794,200230,2022-11-20T00:50:53Z,5432
5795,200230,2022-11-20T04:24:53Z,1373
5796,200230,2022-11-22T02:56:34Z,6455
5797,200231,2022-11-02T16:55:19Z,4700
5798,200231,2022-11-04T12:24:21Z,2479
5799,200231,2022-11-05T04:16:17Z,3222
5800,200231,2022-11-06T00:00:57Z,3271
5801,200231,2022-11-07T09:03:32Z,3998
5802,200231,2022-11-08T04:46:37Z,2432
5803,200231,2022-11-08T18:25:59Z,2481
5804,200231,2022-11-10T03:44:23Z,3154
5805,200231,2022-11-11T17:57:30Z,6105
5806,200232,2022-11-18T02:34:19Z,7307
5807,200232,2022-11-18T10:59:20Z,4943
5808,200232,2022-11-19T22:20:23Z,9045
5809,200232,2022-11-20T13:56:06Z,2487
5810,200232,2022-11-20T23:38:53Z,1495
5811,200232,2022-11-21T03:04:37Z,3732
5812,200232,2022-11-22T10:40:44Z,5251
5813,200233,2022-11-08T14:20:26Z,1866
5814,200233,2022-11-09T11:27:45Z,299
5815,200233,2022-11-10T05:27:22Z,6185
5816,200233,2022-11-11T01:59:04Z,5307
5817,200233,2022-11-12T15:02:33Z,891
5818,200233,2022-11-13T02:45:09Z,4029
5819,200233,2022-11-14T23:25:45Z,3444
5820,200233,2022-11-15T15:50:32Z,9359
5821,200233,2022-11-16T21:00:27Z,4906
5822,200236,2022-11-21T23:10:43Z,2169
5823,200236,2022-11-22T04:09:10Z,8185
5824,200236,2022-11-23T21:30:20Z,5200
5825,200236,2022-11-25T08:06:13Z,2339
5826,200236,2022-11-26T00:01:51Z,3463
5827,200236,2022-11-26T01:49:07Z,1993
5828,200236,2022-11-26T16:03:31Z,5555
5829,200237,2022-11-12T13:42:39Z,4953
5830,200237,2022-11-14T14:00:58Z,4281
5831,200237,2022-11-14T18:58:32Z,3574
5832,200237,2022-11-16T17:58:46Z,3719
5833,200237,2022-11-18T12:13:18Z,6641
5834,200237,2022-11-20T06:27:42Z,600
5835,200237,2022-11-20T16:16:42Z,4461
5836,200237,2022-11-20T22:57:26Z,1349
5837,200237,2022-11-21T09:35:08Z,8128
5838,200238,2022-11-18T05:26:32Z,4210
5839,200238,2022-11-19T01:27:43Z,6424
5840,200238,2022-11-19T22:05:11Z,4532
5841,200238,2022-11-20T21:15:57Z,6872
5842,200238,2022-11-21T00:59:13Z,1389
5843,200238,2022-11-22T17:57:22Z,3939
5844,200238,2022-11-23T10:46:09Z,2369
5845,200238,2022-11-25T00:47:51Z,4451
5846,200238,2022-11-27T01:30:25Z,6370
5847,200239,2022-11-22T11:33:50Z,2588
5848,200239,2022-11-22T21:06:48Z,5220
5849,200239,2022-11-23T07:32:56Z,7081
5850,200239,2022-11-23T12:45:59Z,4400
5851,200240,2022-11-24T04:00:41Z,7106
5852,200241,2022-11-04T17:04:39Z,1988
5853,200242,2022-11-14T04:24:05Z,2389
5854,200242,2022-11-15T17:31:02Z,6772
5855,200242,2022-11-17T07:18:45Z,698
5856,200242,2022-11-17T21:03:27Z,1815
5857,200242,2022-11-18T05:28:30Z,9192
5858,200242,2022-11-20T02:08:47Z,6676
5859,200242,2022-11-21T08:21:45Z,8547
5860,200242,2022-11-23T03:11:12Z,3262
5861,200243,2022-11-11T21:54:03Z,4847
5862,200243,2022-11-12T10:31:02Z,3366
5863,200243,2022-11-14T00:45:37Z,6369
5864,200243,2022-11-14T21:21:35Z,4237
5865,200245,2022-11-05T21:07:24Z,3626
5866,200245,2022-11-07T21:11:40Z,159
5867,200245,2022-11-08T20:33:10Z,5498
5868,200249,2022-11-15T18:55:13Z,6344
5869,200249,2022-11-17T03:42:51Z,1297
5870,200249,2022-11-17T18:57:21Z,7392
5871,200249,2022-11-19T05:42:17Z,198
5872,200249,2022-11-20T03:56:00Z,7528
5873,200249,2022-11-20T16:32:23Z,9692
5874,200249,2022-11-21T17:30:16Z,2990
5875,200249,2022-11-23T18:12:43Z,4779
5876,200251,2022-11-21T14:12:49Z,6801
5877,200251,2022-11-23T12:09:21Z,6154
5878,200251,2022-11-24T04:30:10Z,8155
5879,200251,2022-11-26T03:14:28Z,585
5880,200251,2022-11-26T09:56:17Z,6410
5881,200251,2022-11-27T04:57:55Z,7965
5882,200251,2022-11-27T08:34:48Z,3332
5883,200251,2022-11-29T03:55:41Z,895
5884,200251,2022-11-29T15:10:46Z,7807
5885,200253,2022-11-13T05:50:02Z,2249
5886,200253,2022-11-13T19:44:02Z,1272
5887,200253,2022-11-14T02:52:37Z,5806
5888,200253,2022-11-15T10:17:20Z,3956
5889,200254,2022-11-07T17:37:54Z,6899
5890,200254,2022-11-08T01:26:08Z,198
5891,200254,2022-11-08T20:43:36Z,6145
5892,200257,2022-11-14T00:04:06Z,1298
5893,200257,2022-11-14T16:09:34Z,693
5894,200257,2022-11-16T08:17:49Z,9904
5895,200257,2022-11-17T09:16:57Z,4261
5896,200257,2022-11-18T06:01:53Z,4962
5897,200257,2022-11-19T23:52:06Z,3160
5898,200258,2022-11-14T05:43:09Z,2679
5899,200258,2022-11-15T22:30:26Z,594
5900,200258,2022-11-17T13:13:22Z,2949
5901,200259,2022-11-10T12:17:18Z,2147
5902,200259,2022-11-12T03:07:58Z,7044
5903,200259,2022-11-13T22:18:00Z,4030
5904,200259,2022-11-14T08:28:28Z,6656
5905,200259,2022-11-15T08:27:22Z,5138
5906,200259,2022-11-16T05:54:06Z,5904
5907,200259,2022-11-17T08:45:37Z,3630
5908,200259,2022-11-19T01:17:33Z,5944
5909,200260,2022-11-04T12:44:20Z,1632
5910,200262,2022-11-09T15:40:38Z,7344
5911,200262,2022-11-10T20:49:01Z,2093
5912,200265,2022-11-11T11:31:10Z,1760
5913,200268,2022-11-19T18:42:16Z,1230
5914,200268,2022-11-20T01:15:24Z,3088
5915,200268,2022-11-22T02:09:58Z,179
5916,200268,2022-11-22T05:53:32Z,4559
5917,200268,2022-11-23T20:07:52Z,2247
5918,200268,2022-11-24T13:08:36Z,598
5919,200268,2022-11-25T13:56:56Z,6827
5920,200268,2022-11-26T21:13:23Z,1551
5921,200268,2022-11-28T03:08:59Z,4942
5922,200269,2022-11-12T17:12:29Z,3887
5923,200269,2022-11-13T10:55:49Z,7521
5924,200269,2022-11-15T11:10:37Z,3666
5925,200269,2022-11-16T20:24:08Z,5984
5926,200269,2022-11-18T10:57:44Z,495
5927,200270,2022-11-15T02:19:43Z,5154
5928,200270,2022-11-15T09:53:32Z,5778
5929,200270,2022-11-17T09:27:42Z,7262
5930,200270,2022-11-18T16:37:30Z,10845
5931,200270,2022-11-18T21:43:14Z,1249
5932,200270,2022-11-19T16:13:58Z,9116
5933,200270,2022-11-20T09:52:48Z,3080
5934,200270,2022-11-22T01:06:43Z,2085
5935,200270,2022-11-22T12:28:16Z,5485
5936,200271,2022-11-23T17:40:30Z,5790
5937,200271,2022-11-25T11:39:02Z,6489
5938,200271,2022-11-25T15:05:29Z,1096
5939,200272,2022-11-15T14:50:32Z,1196
5940,200273,2022-11-11T18:29:47Z,6032
5941,200273,2022-11-12T19:47:05Z,4030
5942,200273,2022-11-13T08:18:08Z,2967
5943,200273,2022-11-13T20:11:38Z,600
5944,200273,2022-11-15T18:05:40Z,1613
5945,200273,2022-11-17T17:39:56Z,5671
5946,200273,2022-11-18T04:09:05Z,6701
5947,200273,2022-11-19T23:57:32Z,6787
5948,200275,2022-11-06T14:28:36Z,5355
5949,200275,2022-11-07T09:29:37Z,6795
5950,200276,2022-11-14T16:11:36Z,7687
5951,200276,2022-11-15T01:38:42Z,3653
5952,200276,2022-11-16T18:44:04Z,3289
5953,200276,2022-11-17T10:29:47Z,8438
5954,200276,2022-11-18T04:48:18Z,1194
5955,200276,2022-11-19T19:16:37Z,6059
5956,200276,2022-11-21T06:44:55Z,7433
5957,200276,2022-11-22T16:30:37Z,990
5958,200277,2022-11-07T06:35:38Z,6503
5959,200277,2022-11-07T13:45:07Z,891
5960,200277,2022-11-08T10:30:39Z,4876
5961,200277,2022-11-08T19:05:44Z,3669
5962,200278,2022-11-16T16:05:54Z,2293
5963,200278,2022-11-17T02:03:15Z,2582
5964,200279,2022-11-12T23:02:35Z,8490
5965,200279,2022-11-14T05:24:14Z,3887
5966,200279,2022-11-15T17:50:51Z,4186
5967,200279,2022-11-16T01:56:50Z,4796
5968,200279,2022-11-17T13:08:18Z,9872
5969,200279,2022-11-19T03:20:39Z,5421
5970,200279,2022-11-20T22:04:23Z,1755
5971,200279,2022-11-22T22:42:10Z,6389
5972,200279,2022-11-23T07:29:12Z,4357
5973,200280,2022-11-12T10:55:31Z,7615
5974,200280,2022-11-13T05:15:31Z,4977
5975,200280,2022-11-13T08:04:55Z,2422
5976,200280,2022-11-14T14:39:18Z,4349
5977,200280,2022-11-16T10:13:18Z,3637
5978,200281,2022-11-06T11:01:16Z,5103
5979,200281,2022-11-06T23:27:16Z,396
5980,200281,2022-11-07T06:56:19Z,299
5981,200284,2022-11-22T02:44:23Z,986
5982,200285,2022-11-19T02:14:09Z,9733
5983,200285,2022-11-20T17:18:06Z,5198
5984,200285,2022-11-22T01:29:38Z,7217
5985,200285,2022-11-22T05:41:46Z,1670
5986,200285,2022-11-22T20:38:21Z,3151
5987,200285,2022-11-23T14:59:55Z,8727
5988,200285,2022-11-23T17:10:47Z,598
5989,200285,2022-11-25T11:20:08Z,7960
5990,200286,2022-11-09T01:00:35Z,2679
5991,200286,2022-11-10T14:59:38Z,8733
5992,200286,2022-11-12T01:53:23Z,5358
5993,200286,2022-11-13T15:30:20Z,1685
5994,200286,2022-11-14T05:57:19Z,6089
5995,200286,2022-11-14T10:10:14Z,5613
5996,200286,2022-11-16T00:38:33Z,5447
5997,200287,2022-11-04T21:28:48Z,5866
5998,200287,2022-11-06T21:01:46Z,1847
5999,200287,2022-11-08T06:04:33Z,1990
6000,200287,2022-11-08T11:41:13Z,3165
6001,200287,2022-11-09T19:52:14Z,4852
6002,200287,2022-11-10T01:06:43Z,2425
6003,200287,2022-11-11T15:24:11Z,4452
6004,200287,2022-11-12T02:00:07Z,3597
6005,200287,2022-11-13T23:02:38Z,299
6006,200289,2022-11-16T21:45:09Z,2649
6007,200289,2022-11-18T01:54:51Z,6892
6008,200289,2022-11-19T22:07:00Z,3763
6009,200289,2022-11-20T20:52:52Z,5772
6010,200289,2022-11-22T10:04:28Z,2886
6011,200289,2022-11-23T23:27:26Z,5325
6012,200290,2022-11-21T15:30:05Z,5186
6013,200290,2022-11-22T17:23:06Z,4013
6014,200290,2022-11-24T03:31:57Z,1095
6015,200290,2022-11-24T08:23:33Z,3089
6016,200290,2022-11-25T04:47:09Z,6370
6017,200291,2022-11-24T14:04:09Z,5543
6018,200291,2022-11-26T06:40:08Z,4861
6019,200293,2022-11-08T16:01:02Z,5183
6020,200293,2022-11-10T02:39:46Z,990
6021,200293,2022-11-11T13:24:41Z,2205
6022,200294,2022-11-21T08:04:13Z,1358
6023,200294,2022-11-22T09:49:26Z,8102
6024,200294,2022-11-23T08:35:02Z,1560
6025,200294,2022-11-23T21:11:52Z,3558
6026,200294,2022-11-25T17:19:29Z,4588
6027,200295,2022-11-11T20:31:52Z,4121
6028,200295,2022-11-12T15:01:46Z,7206
6029,200295,2022-11-13T06:24:30Z,10504
6030,200297,2022-11-07T09:27:50Z,7508
6031,200297,2022-11-09T03:27:41Z,7853
6032,200297,2022-11-10T15:48:45Z,8243
6033,200297,2022-11-12T06:47:46Z,995
6034,200297,2022-11-12T13:53:41Z,1491
6035,200297,2022-11-13T18:58:06Z,3940
6036,200297,2022-11-14T02:29:21Z,2478
6037,200297,2022-11-14T11:50:12Z,9209
6038,200297,2022-11-14T20:00:12Z,5828
6039,200299,2022-11-08T22:21:02Z,5053
6040,200299,2022-11-10T20:35:04Z,2048
6041,200299,2022-11-12T09:40:34Z,1133
