id,registered_at,confirmed_at
200001,2022-11-13T00:52:55Z,2022-11-13T01:31:52Z
200002,2022-11-05T21:22:52Z,
200003,2022-11-04T01:01:26Z,
200004,2022-11-20T20:15:20Z,2022-11-20T20:21:25Z
200005,2022-11-15T08:38:55Z,2022-11-16T09:40:26Z
200006,2022-11-22T05:14:25Z,2022-11-29T07:32:12Z
200007,2022-11-20T19:34:12Z,
200008,2022-11-21T20:58:20Z,
200009,2022-11-21T04:48:35Z,2022-11-21T07:16:02Z
200010,2022-11-14T17:45:45Z,2022-11-21T19:54:41Z
200011,2022-11-12T15:53:54Z,2022-11-12T17:40:23Z
200012,2022-11-11T17:36:07Z,2022-11-11T19:22:14Z
200013,2022-11-06T18:51:47Z,
200014,2022-11-12T18:39:00Z,2022-11-16T19:41:36Z
200015,2022-11-22T04:56:38Z,2022-11-22T06:18:20Z
200016,2022-11-08T17:44:51Z,2022-11-08T19:02:45Z
200017,2022-11-03T08:32:20Z,2022-11-03T09:37:01Z
200018,2022-11-13T09:13:16Z,2022-11-13T10:24:42Z
200019,2022-11-10T06:13:45Z,2022-11-10T08:18:51Z
200020,2022-11-20T04:02:29Z,2022-11-20T04:11:49Z
200021,2022-11-21T01:52:42Z,
200022,2022-11-13T11:33:07Z,2022-11-13T12:00:31Z
200023,2022-11-04T18:53:27Z,2022-11-04T19:18:28Z
200024,2022-11-16T18:20:29Z,2022-11-16T21:11:07Z
200025,2022-11-16T17:36:48Z,2022-11-16T20:25:28Z
200026,2022-11-06T19:32:34Z,
200027,2022-11-21T15:36:30Z,
200028,2022-11-15T22:17:26Z,2022-11-15T23:19:54Z
200029,2022-11-06T11:07:43Z,
200030,2022-11-11T06:27:06Z,2022-11-11T07:53:28Z
200031,2022-11-04T10:45:11Z,
200032,2022-11-05T23:32:16Z,
200033,2022-11-03T19:48:29Z,2022-11-03T21:36:25Z
200034,2022-11-04T09:13:44Z,2022-11-04T09:54:10Z
200035,2022-11-18T12:46:00Z,2022-11-18T15:34:35Z
200036,2022-11-06T07:02:28Z,
200037,2022-11-06T03:54:22Z,2022-11-06T04:24:34Z
200038,2022-11-03T20:27:26Z,2022-11-03T23:13:12Z
200039,2022-11-02T18:46:43Z,2022-11-02T19:30:06Z
200040,2022-11-02T19:42:14Z,
200041,2022-11-11T20:13:22Z,
200042,2022-11-07T22:04:53Z,2022-11-14T22:27:49Z
200043,2022-11-07T04:44:19Z,2022-11-07T06:52:38Z
200044,2022-11-11T19:11:26Z,2022-11-11T22:00:06Z
200045,2022-11-13T02:00:44Z,2022-11-13T04:31:29Z
200046,2022-11-13T03:08:56Z,2022-11-13T05:40:23Z
200047,2022-11-08T05:27:46Z,2022-11-08T07:40:50Z
200048,2022-11-08T21:51:03Z,2022-11-09T00:34:53Z
200049,2022-11-21T07:30:53Z,2022-11-21T09:52:14Z
200050,2022-11-19T07:44:27Z,2022-11-19T09:52:30Z
200051,2022-11-07T06:49:31Z,
200052,2022-11-03T10:19:19Z,
200053,2022-11-18T18:22:33Z,
200054,2022-11-08T01:12:34Z,2022-11-08T04:01:53Z
200055,2022-11-03T16:03:29Z,2022-11-03T18:53:34Z
200056,2022-11-18T04:34:44Z,2022-11-18T06:07:24Z
200057,2022-11-21T19:03:40Z,2022-11-21T19:32:47Z
200058,2022-11-13T01:42:28Z,2022-11-13T04:17:09Z
200059,2022-11-04T22:50:16Z,
200060,2022-11-20T01:25:54Z,2022-11-20T02:15:35Z
200061,2022-11-17T12:39:45Z,2022-11-17T13:58:07Z
200062,2022-11-07T11:25:42Z,2022-11-07T12:37:30Z
200063,2022-11-04T16:34:57Z,2022-11-04T18:15:56Z
200064,2022-11-16T14:41:38Z,2022-11-16T17:08:21Z
200065,2022-11-15T15:35:24Z,2022-11-15T16:32:37Z
200066,2022-11-13T16:30:10Z,
200067,2022-11-14T20:29:49Z,2022-11-14T22:57:39Z
200068,2022-11-14T08:27:02Z,2022-11-14T11:04:20Z
200069,2022-11-09T19:51:20Z,
200070,2022-11-08T09:01:04Z,2022-11-08T09:46:29Z
200071,2022-11-09T10:49:18Z,2022-11-09T13:32:38Z
200072,2022-11-07T22:26:14Z,2022-11-07T23:00:23Z
200073,2022-11-17T22:41:14Z,2022-11-17T23:06:29Z
200074,2022-11-06T06:34:52Z,2022-11-06T09:07:29Z
200075,2022-11-10T10:16:33Z,2022-11-10T13:01:14Z
200076,2022-11-08T11:43:10Z,2022-11-08T12:25:56Z
200077,2022-11-12T10:32:56Z,2022-11-12T12:01:06Z
200078,2022-11-13T01:59:53Z,2022-11-13T04:22:36Z
200079,2022-11-11T13:04:07Z,2022-11-11T13:31:22Z
200080,2022-11-06T02:55:14Z,2022-11-06T03:42:29Z
200081,2022-11-03T09:55:33Z,2022-11-03T10:08:57Z
200082,2022-11-12T17:32:13Z,2022-11-12T20:06:23Z
200083,2022-11-04T06:37:27Z,2022-11-04T09:28:31Z
200084,2022-11-10T03:29:11Z,2022-11-10T05:16:09Z
200085,2022-11-22T08:28:22Z,2022-11-22T09:58:00Z
200086,2022-11-14T20:28:48Z,2022-11-14T20:42:17Z
200087,2022-11-21T18:29:06Z,
200088,2022-11-12T10:10:38Z,2022-11-12T10:18:58Z
200089,2022-11-10T20:50:53Z,2022-11-10T23:34:35Z
200090,2022-11-02T17:01:08Z,2022-11-02T19:34:55Z
200091,2022-11-05T19:22:33Z,2022-11-05T21:10:01Z
200092,2022-11-20T09:04:03Z,2022-11-20T11:23:08Z
200093,2022-11-13T05:12:55Z,2022-11-13T07:52:09Z
200094,2022-11-02T20:24:42Z,2022-11-02T21:11:03Z
200095,2022-11-09T21:21:24Z,2022-11-09T21:58:12Z
200096,2022-11-05T16:29:44Z,2022-11-06T16:39:33Z
200097,2022-11-16T08:47:48Z,
200098,2022-11-09T15:17:35Z,2022-11-09T17:52:29Z
200099,2022-11-09T20:47:55Z,2022-11-09T21:03:00Z
200100,2022-11-17T16:01:46Z,2022-11-17T17:07:50Z
200101,2022-11-06T14:38:12Z,
200102,2022-11-06T04:45:39Z,2022-11-06T06:21:18Z
200103,2022-11-03T03:13:17Z,2022-11-06T05:37:32Z
200104,2022-11-14T17:11:02Z,2022-11-14T19:43:03Z
200105,2022-11-02T19:26:21Z,2022-11-02T19:28:11Z
200106,2022-11-15T09:47:58Z,
200107,2022-11-07T11:03:19Z,
200108,2022-11-03T22:47:21Z,2022-11-04T00:28:40Z
200109,2022-11-08T15:05:22Z,2022-11-08T16:01:43Z
200110,2022-11-03T21:20:07Z,2022-11-06T22:57:29Z
200111,2022-11-11T07:27:06Z,2022-11-11T08:01:32Z
200112,2022-11-06T20:02:03Z,
200113,2022-11-04T03:08:29Z,
200114,2022-11-03T23:18:25Z,
200115,2022-11-14T22:06:29Z,2022-11-14T22:36:54Z
200116,2022-11-09T05:29:00Z,2022-11-15T06:08:34Z
200117,2022-11-06T20:07:01Z,2022-11-11T22:43:13Z
200118,2022-11-07T09:17:57Z,2022-11-07T09:58:35Z
200119,2022-11-22T05:39:53Z,2022-11-22T06:30:30Z
200120,2022-11-20T03:43:44Z,2022-11-21T04:45:59Z
200121,2022-11-16T01:42:45Z,2022-11-19T03:20:33Z
200122,2022-11-06T13:07:44Z,
200123,2022-11-03T20:49:06Z,
200124,2022-11-07T15:03:47Z,2022-11-07T16:22:16Z
200125,2022-11-17T13:26:45Z,2022-11-17T14:55:51Z
200126,2022-11-21T21:15:20Z,2022-11-21T21:23:55Z
200127,2022-11-10T03:28:33Z,2022-11-10T04:06:40Z
200128,2022-11-12T17:57:38Z,2022-11-12T19:44:56Z
200129,2022-11-18T15:40:26Z,2022-11-18T18:04:45Z
200130,2022-11-20T01:08:25Z,2022-11-26T03:39:08Z
200131,2022-11-20T09:35:22Z,2022-11-20T09:48:27Z
200132,2022-11-15T11:33:05Z,
200133,2022-11-17T08:57:05Z,2022-11-17T09:48:53Z
200134,2022-11-19T21:41:24Z,2022-11-19T22:58:28Z
200135,2022-11-12T03:49:39Z,
200136,2022-11-17T01:27:17Z,2022-11-17T03:42:43Z
200137,2022-11-20T16:17:19Z,
200138,2022-11-13T03:54:36Z,2022-11-15T06:22:06Z
200139,2022-11-14T12:48:22Z,2022-11-14T13:03:53Z
200140,2022-11-03T00:16:20Z,
200141,2022-11-19T00:12:51Z,2022-11-25T01:55:28Z
200142,2022-11-14T02:16:41Z,2022-11-14T03:00:27Z
200143,2022-11-10T22:52:16Z,2022-11-16T01:44:54Z
200144,2022-11-19T23:00:34Z,2022-11-27T01:30:22Z
200145,2022-11-03T08:04:56Z,
200146,2022-11-08T21:15:12Z,
200147,2022-11-16T22:25:48Z,
200148,2022-11-09T23:04:06Z,2022-11-15T00:11:06Z
200149,2022-11-16T06:34:57Z,2022-11-16T07:04:00Z
200150,2022-11-15T00:49:54Z,2022-11-15T02:06:22Z
200151,2022-11-06T03:49:44Z,2022-11-06T06:36:44Z
200152,2022-11-07T06:58:47Z,2022-11-07T09:18:46Z
200153,2022-11-06T07:18:54Z,2022-11-06T09:44:42Z
200154,2022-11-08T01:11:56Z,
200155,2022-11-19T00:39:51Z,2022-11-19T03:10:09Z
200156,2022-11-06T19:57:15Z,2022-11-10T20:11:45Z
200157,2022-11-08T15:28:32Z,2022-11-08T18:27:31Z
200158,2022-11-16T12:32:29Z,2022-11-20T15:21:12Z
200159,2022-11-16T00:47:48Z,2022-11-16T02:34:07Z
200160,2022-11-18T16:19:12Z,2022-11-18T17:27:14Z
200161,2022-11-06T21:21:36Z,
200162,2022-11-13T19:20:13Z,
200163,2022-11-18T10:42:03Z,2022-11-18T12:13:25Z
200164,2022-11-18T17:17:23Z,2022-11-18T18:42:00Z
200165,2022-11-04T21:38:45Z,2022-11-04T23:40:40Z
200166,2022-11-05T19:15:43Z,
200167,2022-11-06T01:12:35Z,2022-11-06T02:07:56Z
200168,2022-11-10T01:03:49Z,2022-11-10T03:44:32Z
200169,2022-11-12T00:00:29Z,2022-11-12T01:10:00Z
200170,2022-11-16T19:13:26Z,2022-11-16T20:03:15Z
200171,2022-11-10T21:15:46Z,
200172,2022-11-10T01:46:55Z,2022-11-10T02:23:05Z
200173,2022-11-19T10:36:04Z,2022-11-19T10:53:17Z
200174,2022-11-19T04:23:42Z,2022-11-19T06:28:39Z
200175,2022-11-10T12:57:52Z,
200176,2022-11-18T18:15:10Z,2022-11-18T18:22:18Z
200177,2022-11-07T08:32:40Z,
200178,2022-11-03T23:20:35Z,
200179,2022-11-20T14:55:35Z,2022-11-20T15:30:09Z
200180,2022-11-04T10:02:27Z,2022-11-04T11:14:50Z
200181,2022-11-16T03:13:09Z,2022-11-16T03:27:02Z
200182,2022-11-07T21:32:24Z,2022-11-08T23:51:29Z
200183,2022-11-05T22:33:22Z,2022-11-06T01:26:54Z
200184,2022-11-08T20:37:15Z,2022-11-10T22:34:08Z
200185,2022-11-03T07:32:44Z,
200186,2022-11-18T11:31:01Z,
200187,2022-11-19T03:04:56Z,2022-11-19T04:36:57Z
200188,2022-11-21T02:39:29Z,2022-11-22T04:42:07Z
200189,2022-11-16T03:57:14Z,
200190,2022-11-14T17:12:59Z,2022-11-14T17:13:56Z
200191,2022-11-04T17:45:47Z,2022-11-04T18:04:56Z
200192,2022-11-10T12:57:27Z,2022-11-10T14:30:38Z
200193,2022-11-21T15:11:49Z,2022-11-28T16:24:37Z
200194,2022-11-20T09:02:59Z,2022-11-20T09:49:06Z
200195,2022-11-18T17:20:01Z,2022-11-18T18:54:11Z
200196,2022-11-16T02:37:40Z,2022-11-16T03:26:20Z
200197,2022-11-04T11:04:00Z,
200198,2022-11-06T18:54:33Z,2022-11-06T21:21:56Z
200199,2022-11-17T07:02:13Z,2022-11-17T07:27:21Z
200200,2022-11-16T03:56:29Z,2022-11-16T04:37:20Z
200201,2022-11-22T13:22:58Z,2022-11-22T14:53:19Z
200202,2022-11-11T03:09:06Z,2022-11-11T04:19:36Z
200203,2022-11-20T14:10:25Z,
200204,2022-11-12T13:13:37Z,2022-11-12T14:54:57Z
200205,2022-11-08T21:50:46Z,2022-11-08T22:14:40Z
200206,2022-11-07T18:09:37Z,
200207,2022-11-09T18:38:05Z,2022-11-12T18:51:19Z
200208,2022-11-13T09:00:47Z,2022-11-13T09:20:30Z
200209,2022-11-02T23:53:22Z,2022-11-03T01:56:52Z
200210,2022-11-06T20:13:01Z,2022-11-06T20:15:15Z
200211,2022-11-17T09:46:13Z,2022-11-17T12:17:38Z
200212,2022-11-07T21:57:26Z,2022-11-07T23:37:09Z
200213,2022-11-17T23:13:46Z,2022-11-17T23:29:36Z
200214,2022-11-05T05:50:09Z,
200215,2022-11-13T13:29:01Z,
200216,2022-11-03T07:23:57Z,
200217,2022-11-20T02:08:38Z,2022-11-20T03:38:27Z
200218,2022-11-20T05:58:22Z,2022-11-20T06:01:48Z
200219,2022-11-18T12:31:09Z,2022-11-18T15:29:39Z
200220,2022-11-11T08:53:36Z,2022-11-11T10:46:09Z
200221,2022-11-13T06:23:00Z,2022-11-14T06:27:50Z
200222,2022-11-13T14:15:10Z,2022-11-13T14:41:59Z
200223,2022-11-15T00:48:17Z,2022-11-15T01:56:28Z
200224,2022-11-15T03:58:19Z,2022-11-15T04:48:41Z
200225,2022-11-11T20:42:48Z,2022-11-11T21:41:52Z
200226,2022-11-17T23:17:52Z,2022-11-18T02:04:21Z
200227,2022-11-17T12:01:25Z,
200228,2022-11-20T14:08:55Z,2022-11-26T14:33:04Z
200229,2022-11-17T08:49:29Z,
200230,2022-11-16T16:42:34Z,2022-11-16T18:28:34Z
200231,2022-11-02T16:22:01Z,2022-11-02T16:38:28Z
200232,2022-11-14T23:06:56Z,2022-11-18T01:52:28Z
200233,2022-11-08T12:13:40Z,2022-11-08T14:01:29Z
200234,2022-11-19T06:55:38Z,
200235,2022-11-09T11:27:22Z,
200236,2022-11-21T22:49:28Z,2022-11-21T22:52:54Z
200237,2022-11-12T12:22:04Z,2022-11-12T12:53:16Z
200238,2022-11-18T02:23:26Z,2022-11-18T04:40:15Z
200239,2022-11-17T09:39:36Z,2022-11-22T10:44:25Z
200240,2022-11-20T01:16:25Z,2022-11-24T03:48:38Z
200241,2022-11-04T14:03:57Z,2022-11-04T16:42:09Z
200242,2022-11-14T02:03:23Z,2022-11-14T03:20:37Z
200243,2022-11-09T18:27:17Z,2022-11-11T21:22:05Z
200244,2022-11-11T02:10:28Z,
200245,2022-11-05T18:27:15Z,2022-11-05T20:16:32Z
200246,2022-11-18T00:23:57Z,
200247,2022-11-08T02:09:04Z,
200248,2022-11-19T19:30:51Z,
200249,2022-11-15T14:57:49Z,2022-11-15T17:55:07Z
200250,2022-11-12T08:31:53Z,
200251,2022-11-19T13:44:06Z,2022-11-21T14:02:13Z
200252,2022-11-09T23:26:37Z,
200253,2022-11-11T04:58:07Z,2022-11-13T05:37:38Z
200254,2022-11-07T16:01:28Z,2022-11-07T16:38:36Z
200255,2022-11-08T16:11:27Z,2022-11-08T18:39:49Z
200256,2022-11-09T05:13:49Z,
200257,2022-11-13T20:38:08Z,2022-11-13T23:01:12Z
200258,2022-11-14T03:08:36Z,2022-11-14T05:30:01Z
200259,2022-11-10T10:48:02Z,2022-11-10T11:12:14Z
200260,2022-11-04T11:37:43Z,2022-11-04T12:15:25Z
200261,2022-11-07T19:34:13Z,2022-11-07T21:40:59Z
200262,2022-11-09T11:37:08Z,2022-11-09T14:33:18Z
200263,2022-11-05T15:18:05Z,
200264,2022-11-08T04:09:54Z,
200265,2022-11-11T10:48:36Z,2022-11-11T10:50:33Z
200266,2022-11-11T02:43:33Z,2022-11-11T03:30:17Z
200267,2022-11-08T05:34:40Z,
200268,2022-11-19T17:53:30Z,2022-11-19T18:02:23Z
200269,2022-11-10T14:57:32Z,2022-11-12T16:50:53Z
200270,2022-11-15T00:10:23Z,2022-11-15T01:50:45Z
200271,2022-11-17T15:55:45Z,2022-11-23T16:39:16Z
200272,2022-11-15T11:26:05Z,2022-11-15T13:57:44Z
200273,2022-11-11T16:10:11Z,2022-11-11T17:41:48Z
200274,2022-11-16T00:58:51Z,
200275,2022-11-06T11:15:45Z,2022-11-06T14:02:46Z
200276,2022-11-14T15:36:48Z,2022-11-14T15:52:11Z
200277,2022-11-07T04:03:22Z,2022-11-07T06:17:54Z
200278,2022-11-16T15:30:16Z,2022-11-16T15:36:45Z
200279,2022-11-12T20:41:40Z,2022-11-12T22:46:57Z
200280,2022-11-12T08:20:51Z,2022-11-12T09:57:52Z
200281,2022-11-06T08:57:02Z,2022-11-06T10:03:21Z
200282,2022-11-07T21:33:47Z,
200283,2022-11-20T14:50:14Z,
200284,2022-11-22T00:16:29Z,2022-11-22T01:35:34Z
200285,2022-11-18T22:52:31Z,2022-11-19T01:23:20Z
200286,2022-11-08T23:39:40Z,2022-11-09T00:35:53Z
200287,2022-11-04T18:35:52Z,2022-11-04T20:59:59Z
200288,2022-11-11T01:28:39Z,
200289,2022-11-16T18:27:53Z,2022-11-16T20:46:27Z
200290,2022-11-21T14:05:02Z,2022-11-21T14:25:03Z
200291,2022-11-20T11:30:15Z,2022-11-24T13:49:51Z
200292,2022-11-05T15:40:57Z,
200293,2022-11-08T15:09:29Z,2022-11-08T15:48:08Z
200294,2022-11-21T04:16:59Z,2022-11-21T06:56:13Z
200295,2022-11-11T17:34:15Z,2022-11-11T19:41:21Z
200296,2022-11-07T01:06:04Z,
200297,2022-11-07T06:59:16Z,2022-11-07T08:31:36Z
200298,2022-11-13T05:38:24Z,2022-11-13T06:37:03Z
200299,2022-11-08T20:17:41Z,2022-11-08T21:36:40Z
200300,2022-11-09T12:35:43Z,2022-11-09T14:19:04Z
